province,period,avgTemperature,avgRainfall,avgHumidity,weatherScore,year,month
"bangkok","2020-01",28.81,0.33,69.77,98,2020,01
"bangkok","2020-02",28.78,0.41,69.89,98,2020,02
"bangkok","2020-03",30.42,0.51,67.63,91,2020,03
"bangkok","2020-04",30.39,2.25,70.33,90,2020,04
"bangkok","2020-05",31.17,1.72,70.14,86,2020,05
"bangkok","2020-06",29.38,4.94,76.93,88,2020,06
"bangkok","2020-07",29.01,4.63,77.42,89,2020,07
"bangkok","2020-08",28.73,5.18,78.79,87,2020,08
"bangkok","2020-09",28.39,8.41,80.36,85,2020,09
"bangkok","2020-10",26.38,15.36,82.48,83,2020,10
"bangkok","2020-11",27.16,1.70,74.22,95,2020,11
"bangkok","2020-12",26.50,0.46,73.64,98,2020,12
"bangkok","2021-01",25.19,0.07,74.43,99,2021,01
"bangkok","2021-02",27.44,0.94,72.14,98,2021,02
"bangkok","2021-03",29.61,1.14,69.86,94,2021,03
"bangkok","2021-04",28.73,5.48,79.41,86,2021,04
"bangkok","2021-05",29.79,3.49,73.49,87,2021,05
"bangkok","2021-06",30.23,3.26,73.99,86,2021,06
"bangkok","2021-07",28.68,8.39,80.38,83,2021,07
"bangkok","2021-08",28.34,6.97,81.32,85,2021,08
"bangkok","2021-09",27.40,11.20,82.94,82,2021,09
"bangkok","2021-10",27.38,9.33,80.20,86,2021,10
"bangkok","2021-11",27.14,4.06,78.25,90,2021,11
"bangkok","2021-12",25.88,0.31,73.90,99,2021,12
"bangkok","2022-01",27.25,1.14,71.94,98,2022,01
"bangkok","2022-02",27.10,3.59,77.26,93,2022,02
"bangkok","2022-03",28.78,3.61,75.46,91,2022,03
"bangkok","2022-04",29.21,2.84,72.52,91,2022,04
"bangkok","2022-05",27.93,8.30,81.72,83,2022,05
"bangkok","2022-06",29.31,4.73,76.04,88,2022,06
"bangkok","2022-07",28.51,6.75,80.20,86,2022,07
"bangkok","2022-08",27.81,9.38,80.67,84,2022,08
"bangkok","2022-09",27.37,14.50,84.79,78,2022,09
"bangkok","2022-10",26.83,7.04,78.90,88,2022,10
"bangkok","2022-11",27.67,4.25,77.43,91,2022,11
"bangkok","2022-12",25.65,0.35,74.40,98,2022,12
"bangkok","2023-01",26.00,0.34,73.89,99,2023,01
"bangkok","2023-02",27.65,2.23,72.43,97,2023,02
"bangkok","2023-03",29.20,0.59,69.88,95,2023,03
"bangkok","2023-04",31.39,3.17,69.63,86,2023,04
"bangkok","2023-05",31.23,3.30,71.28,85,2023,05
"bangkok","2023-06",29.24,7.06,78.78,83,2023,06
"bangkok","2023-07",29.00,8.35,78.97,85,2023,07
"bangkok","2023-08",29.11,8.21,81.20,81,2023,08
"bangkok","2023-09",28.43,12.14,82.64,79,2023,09
"bangkok","2023-10",28.08,7.96,81.02,84,2023,10
"bangkok","2023-11",27.14,2.11,75.55,95,2023,11
"bangkok","2023-12",27.32,1.06,73.48,97,2023,12
"bangkok","2024-01",28.05,0.44,70.78,98,2024,01
"bangkok","2024-02",29.37,0.69,69.88,96,2024,02
"bangkok","2024-03",29.97,2.15,70.88,90,2024,03
"bangkok","2024-04",32.47,0.18,63.82,92,2024,04
"bangkok","2024-05",30.62,8.70,74.59,80,2024,05
"bangkok","2024-06",29.39,5.96,78.16,86,2024,06
"bangkok","2024-07",28.20,10.71,82.64,81,2024,07
"bangkok","2024-08",28.97,5.24,78.61,86,2024,08
"bangkok","2024-09",28.45,9.80,82.58,83,2024,09
"bangkok","2024-10",28.13,7.06,78.46,88,2024,10
"bangkok","2024-11",28.60,2.21,72.00,95,2024,11
"bangkok","2024-12",28.52,0.31,70.06,96,2024,12
"bangkok","2025-01",27.48,0.01,70.80,100,2025,01
"bangkok","2025-02",29.14,2.10,71.87,94,2025,02
"bangkok","2025-03",30.81,1.99,69.17,88,2025,03
"bangkok","2025-04",30.73,2.92,72.30,84,2025,04
"bangkok","2025-05",29.07,8.29,79.66,83,2025,05
"bangkok","2025-06",28.90,6.15,79.79,85,2025,06
"bangkok","2025-07",28.32,7.00,81.33,86,2025,07
"bangkok","2025-08",28.72,5.93,77.72,87,2025,08
"bangkok","2025-09",27.99,8.78,82.42,83,2025,09
"bangkok","2025-10",28.27,6.12,78.43,87,2025,10
"bangkok","2025-11",26.47,5.41,77.55,91,2025,11
"rayong","2020-01",27.53,0.74,72.93,96,2020,01
"rayong","2020-02",27.60,0.80,72.35,97,2020,02
"rayong","2020-03",28.73,0.71,71.02,98,2020,03
"rayong","2020-04",28.97,3.62,74.65,92,2020,04
"rayong","2020-05",29.78,3.47,74.57,87,2020,05
"rayong","2020-06",28.11,8.20,81.16,85,2020,06
"rayong","2020-07",28.01,4.90,80.31,87,2020,07
"rayong","2020-08",28.03,5.99,78.34,89,2020,08
"rayong","2020-09",27.58,8.79,82.83,83,2020,09
"rayong","2020-10",26.38,9.38,81.29,85,2020,10
"rayong","2020-11",27.53,1.63,74.29,94,2020,11
"rayong","2020-12",26.67,0.70,73.99,97,2020,12
"rayong","2021-01",25.48,0.21,74.40,98,2021,01
"rayong","2021-02",26.53,1.15,74.25,97,2021,02
"rayong","2021-03",28.05,2.18,73.53,95,2021,03
"rayong","2021-04",28.01,5.17,80.07,87,2021,04
"rayong","2021-05",28.68,4.45,77.09,90,2021,05
"rayong","2021-06",28.81,3.17,75.84,91,2021,06
"rayong","2021-07",28.05,8.57,81.00,82,2021,07
"rayong","2021-08",27.74,7.82,81.63,84,2021,08
"rayong","2021-09",26.91,11.21,82.60,82,2021,09
"rayong","2021-10",27.13,9.57,80.81,84,2021,10
"rayong","2021-11",27.02,5.57,79.04,90,2021,11
"rayong","2021-12",26.43,0.39,73.53,98,2021,12
"rayong","2022-01",26.79,0.96,73.28,97,2022,01
"rayong","2022-02",26.96,3.61,78.42,91,2022,02
"rayong","2022-03",27.98,4.69,78.46,88,2022,03
"rayong","2022-04",28.47,3.01,75.97,92,2022,04
"rayong","2022-05",27.79,7.19,80.88,87,2022,05
"rayong","2022-06",28.25,4.87,78.72,88,2022,06
"rayong","2022-07",27.77,9.02,81.46,85,2022,07
"rayong","2022-08",27.43,11.74,82.03,82,2022,08
"rayong","2022-09",26.99,11.55,84.16,82,2022,09
"rayong","2022-10",26.75,8.55,80.06,86,2022,10
"rayong","2022-11",26.99,5.86,79.09,88,2022,11
"rayong","2022-12",26.27,0.23,73.29,98,2022,12
"rayong","2023-01",26.09,0.89,74.26,98,2023,01
"rayong","2023-02",26.96,1.81,73.56,96,2023,02
"rayong","2023-03",28.09,0.79,72.15,97,2023,03
"rayong","2023-04",30.02,2.59,71.27,88,2023,04
"rayong","2023-05",29.87,3.24,73.74,87,2023,05
"rayong","2023-06",28.55,7.14,78.97,87,2023,06
"rayong","2023-07",28.23,9.31,80.44,85,2023,07
"rayong","2023-08",28.72,4.73,77.83,89,2023,08
"rayong","2023-09",27.82,13.69,82.96,81,2023,09
"rayong","2023-10",27.50,10.38,83.67,82,2023,10
"rayong","2023-11",27.51,2.46,75.91,93,2023,11
"rayong","2023-12",27.88,1.21,72.88,96,2023,12
"rayong","2024-01",27.95,0.59,71.79,97,2024,01
"rayong","2024-02",28.59,0.97,71.97,97,2024,02
"rayong","2024-03",29.04,1.62,72.84,94,2024,03
"rayong","2024-04",31.01,0.48,66.93,90,2024,04
"rayong","2024-05",29.79,9.66,76.88,80,2024,05
"rayong","2024-06",28.90,6.63,76.89,88,2024,06
"rayong","2024-07",27.77,10.76,82.63,82,2024,07
"rayong","2024-08",28.15,5.32,78.21,89,2024,08
"rayong","2024-09",27.99,7.52,80.52,86,2024,09
"rayong","2024-10",27.41,9.91,82.96,83,2024,10
"rayong","2024-11",28.54,1.66,73.09,95,2024,11
"rayong","2024-12",27.39,0.93,72.10,98,2024,12
"rayong","2025-01",26.68,0.07,72.19,100,2025,01
"rayong","2025-02",27.58,2.95,76.02,93,2025,02
"rayong","2025-03",28.73,2.10,72.76,94,2025,03
"rayong","2025-04",29.25,4.78,76.65,85,2025,04
"rayong","2025-05",28.37,7.84,81.67,83,2025,05
"rayong","2025-06",28.89,5.31,78.20,88,2025,06
"rayong","2025-07",28.55,6.92,80.66,84,2025,07
"rayong","2025-08",28.80,6.19,77.90,85,2025,08
"rayong","2025-09",27.46,10.81,82.84,83,2025,09
"rayong","2025-10",27.82,5.56,77.57,90,2025,10
"rayong","2025-11",26.48,4.33,78.74,91,2025,11
"trat","2020-01",28.52,0.85,71.63,97,2020,01
"trat","2020-02",28.50,0.93,71.68,96,2020,02
"trat","2020-03",28.68,2.63,73.85,93,2020,03
"trat","2020-04",28.61,5.66,78.37,88,2020,04
"trat","2020-05",28.95,6.55,80.07,85,2020,05
"trat","2020-06",27.22,11.93,84.92,80,2020,06
"trat","2020-07",27.53,8.98,83.73,82,2020,07
"trat","2020-08",27.14,13.38,83.90,80,2020,08
"trat","2020-09",26.93,15.31,85.93,78,2020,09
"trat","2020-10",26.24,13.10,83.11,82,2020,10
"trat","2020-11",27.00,4.80,75.60,93,2020,11
"trat","2020-12",26.71,1.34,74.82,96,2020,12
"trat","2021-01",26.33,0.56,74.18,98,2021,01
"trat","2021-02",27.67,0.56,72.00,97,2021,02
"trat","2021-03",28.20,4.53,77.17,90,2021,03
"trat","2021-04",27.91,6.93,81.74,83,2021,04
"trat","2021-05",28.00,11.21,83.64,81,2021,05
"trat","2021-06",27.41,11.12,84.44,80,2021,06
"trat","2021-07",26.94,17.72,85.28,77,2021,07
"trat","2021-08",27.00,14.98,86.04,77,2021,08
"trat","2021-09",26.35,20.44,86.18,76,2021,09
"trat","2021-10",26.56,15.93,84.36,79,2021,10
"trat","2021-11",26.86,9.26,81.07,86,2021,11
"trat","2021-12",26.27,1.76,74.46,96,2021,12
"trat","2022-01",27.56,0.94,73.35,96,2022,01
"trat","2022-02",27.44,4.32,76.87,92,2022,02
"trat","2022-03",27.66,6.95,83.04,83,2022,03
"trat","2022-04",27.93,6.74,80.15,86,2022,04
"trat","2022-05",26.83,14.55,85.93,78,2022,05
"trat","2022-06",27.68,6.86,81.53,85,2022,06
"trat","2022-07",26.81,19.43,85.49,76,2022,07
"trat","2022-08",26.37,21.83,86.32,75,2022,08
"trat","2022-09",26.15,19.41,86.95,75,2022,09
"trat","2022-10",26.63,9.84,80.49,86,2022,10
"trat","2022-11",26.97,3.41,77.46,91,2022,11
"trat","2022-12",25.93,0.16,73.59,98,2022,12
"trat","2023-01",25.52,2.18,75.89,96,2023,01
"trat","2023-02",27.37,2.73,74.58,94,2023,02
"trat","2023-03",28.44,1.67,73.14,95,2023,03
"trat","2023-04",29.10,6.63,77.99,86,2023,04
"trat","2023-05",28.58,5.90,80.56,86,2023,05
"trat","2023-06",27.33,13.47,84.01,80,2023,06
"trat","2023-07",26.66,25.15,85.65,74,2023,07
"trat","2023-08",26.79,14.42,86.68,78,2023,08
"trat","2023-09",26.44,24.33,86.69,73,2023,09
"trat","2023-10",27.21,10.29,84.61,81,2023,10
"trat","2023-11",27.37,3.27,76.89,92,2023,11
"trat","2023-12",27.76,0.93,72.54,96,2023,12
"trat","2024-01",28.26,1.59,72.25,97,2024,01
"trat","2024-02",28.41,2.13,75.28,93,2024,02
"trat","2024-03",28.70,4.46,77.73,90,2024,03
"trat","2024-04",30.87,1.98,71.62,84,2024,04
"trat","2024-05",29.58,10.10,78.99,82,2024,05
"trat","2024-06",27.49,19.41,83.11,78,2024,06
"trat","2024-07",26.54,26.18,86.47,74,2024,07
"trat","2024-08",27.52,9.45,83.43,83,2024,08
"trat","2024-09",26.91,15.91,86.15,76,2024,09
"trat","2024-10",27.12,11.73,84.10,80,2024,10
"trat","2024-11",27.83,1.00,72.71,96,2024,11
"trat","2024-12",26.42,1.44,74.09,97,2024,12
"trat","2025-01",25.49,0.01,73.79,100,2025,01
"trat","2025-02",27.24,3.29,76.59,93,2025,02
"trat","2025-03",27.49,5.62,77.52,90,2025,03
"trat","2025-04",27.88,8.02,82.08,85,2025,04
"trat","2025-05",27.70,9.81,83.17,83,2025,05
"trat","2025-06",27.18,17.95,83.93,78,2025,06
"trat","2025-07",26.62,21.71,85.91,74,2025,07
"trat","2025-08",26.68,16.35,85.92,77,2025,08
"trat","2025-09",26.31,18.60,86.41,75,2025,09
"trat","2025-10",27.32,5.45,79.94,87,2025,10
"trat","2025-11",25.84,5.26,79.24,90,2025,11
"prachuap-khiri-khan","2020-01",27.31,0.31,71.96,98,2020,01
"prachuap-khiri-khan","2020-02",26.61,1.32,73.94,96,2020,02
"prachuap-khiri-khan","2020-03",28.80,0.12,69.16,99,2020,03
"prachuap-khiri-khan","2020-04",28.70,2.37,72.63,94,2020,04
"prachuap-khiri-khan","2020-05",29.98,1.91,71.29,91,2020,05
"prachuap-khiri-khan","2020-06",28.39,4.88,79.20,88,2020,06
"prachuap-khiri-khan","2020-07",28.58,3.80,76.31,91,2020,07
"prachuap-khiri-khan","2020-08",28.19,2.89,75.75,91,2020,08
"prachuap-khiri-khan","2020-09",27.94,6.03,79.94,88,2020,09
"prachuap-khiri-khan","2020-10",26.32,10.95,83.53,81,2020,10
"prachuap-khiri-khan","2020-11",27.27,1.01,74.13,95,2020,11
"prachuap-khiri-khan","2020-12",26.83,0.75,73.36,98,2020,12
"prachuap-khiri-khan","2021-01",25.42,0.25,74.60,98,2021,01
"prachuap-khiri-khan","2021-02",26.39,0.66,73.86,98,2021,02
"prachuap-khiri-khan","2021-03",27.80,1.09,72.56,95,2021,03
"prachuap-khiri-khan","2021-04",28.14,4.79,79.25,87,2021,04
"prachuap-khiri-khan","2021-05",28.95,1.83,73.60,91,2021,05
"prachuap-khiri-khan","2021-06",28.99,2.98,73.42,92,2021,06
"prachuap-khiri-khan","2021-07",28.21,3.85,77.18,90,2021,07
"prachuap-khiri-khan","2021-08",28.33,3.69,76.68,92,2021,08
"prachuap-khiri-khan","2021-09",26.86,6.43,81.30,86,2021,09
"prachuap-khiri-khan","2021-10",26.62,7.19,81.64,85,2021,10
"prachuap-khiri-khan","2021-11",25.83,7.29,81.29,87,2021,11
"prachuap-khiri-khan","2021-12",25.97,0.19,73.60,99,2021,12
"prachuap-khiri-khan","2022-01",26.55,0.82,73.82,97,2022,01
"prachuap-khiri-khan","2022-02",26.29,4.34,79.16,91,2022,02
"prachuap-khiri-khan","2022-03",28.21,2.14,74.21,95,2022,03
"prachuap-khiri-khan","2022-04",28.95,1.91,73.09,91,2022,04
"prachuap-khiri-khan","2022-05",27.20,8.34,80.87,85,2022,05
"prachuap-khiri-khan","2022-06",29.12,2.97,75.33,89,2022,06
"prachuap-khiri-khan","2022-07",27.84,5.18,79.73,88,2022,07
"prachuap-khiri-khan","2022-08",27.87,6.25,80.07,86,2022,08
"prachuap-khiri-khan","2022-09",27.31,6.41,82.00,85,2022,09
"prachuap-khiri-khan","2022-10",25.89,8.86,82.83,85,2022,10
"prachuap-khiri-khan","2022-11",26.32,4.79,79.13,90,2022,11
"prachuap-khiri-khan","2022-12",25.39,1.72,76.53,95,2022,12
"prachuap-khiri-khan","2023-01",25.96,0.33,74.04,99,2023,01
"prachuap-khiri-khan","2023-02",26.53,1.98,74.66,96,2023,02
"prachuap-khiri-khan","2023-03",27.48,0.68,72.68,97,2023,03
"prachuap-khiri-khan","2023-04",30.41,1.68,69.71,90,2023,04
"prachuap-khiri-khan","2023-05",30.73,2.29,71.47,85,2023,05
"prachuap-khiri-khan","2023-06",29.31,2.93,74.84,88,2023,06
"prachuap-khiri-khan","2023-07",27.92,8.70,79.46,86,2023,07
"prachuap-khiri-khan","2023-08",29.07,2.57,73.84,93,2023,08
"prachuap-khiri-khan","2023-09",28.17,5.35,80.60,87,2023,09
"prachuap-khiri-khan","2023-10",27.01,8.18,84.47,82,2023,10
"prachuap-khiri-khan","2023-11",26.39,4.49,78.86,91,2023,11
"prachuap-khiri-khan","2023-12",26.72,1.19,73.88,97,2023,12
"prachuap-khiri-khan","2024-01",26.73,1.97,73.69,96,2024,01
"prachuap-khiri-khan","2024-02",27.67,0.63,72.36,97,2024,02
"prachuap-khiri-khan","2024-03",28.84,0.93,71.27,96,2024,03
"prachuap-khiri-khan","2024-04",30.67,0.54,67.49,92,2024,04
"prachuap-khiri-khan","2024-05",29.67,5.84,75.80,86,2024,05
"prachuap-khiri-khan","2024-06",28.86,4.14,76.38,86,2024,06
"prachuap-khiri-khan","2024-07",27.43,7.27,81.83,85,2024,07
"prachuap-khiri-khan","2024-08",28.66,5.37,79.67,86,2024,08
"prachuap-khiri-khan","2024-09",27.88,5.09,79.07,88,2024,09
"prachuap-khiri-khan","2024-10",27.26,6.43,81.24,87,2024,10
"prachuap-khiri-khan","2024-11",27.04,3.82,77.90,91,2024,11
"prachuap-khiri-khan","2024-12",27.09,1.91,73.41,97,2024,12
"prachuap-khiri-khan","2025-01",26.05,0.11,73.25,100,2025,01
"prachuap-khiri-khan","2025-02",26.74,2.99,75.80,94,2025,02
"prachuap-khiri-khan","2025-03",28.15,1.46,72.67,96,2025,03
"prachuap-khiri-khan","2025-04",28.61,3.97,75.47,92,2025,04
"prachuap-khiri-khan","2025-05",28.64,5.83,78.54,86,2025,05
"prachuap-khiri-khan","2025-06",28.89,2.55,73.98,92,2025,06
"prachuap-khiri-khan","2025-07",28.65,2.74,74.67,91,2025,07
"prachuap-khiri-khan","2025-08",28.19,4.83,77.64,87,2025,08
"prachuap-khiri-khan","2025-09",27.32,4.53,80.00,88,2025,09
"prachuap-khiri-khan","2025-10",28.05,4.42,78.36,90,2025,10
"prachuap-khiri-khan","2025-11",26.19,4.22,79.34,91,2025,11
"chiang-mai","2020-01",22.62,0.01,78.11,98,2020,01
"chiang-mai","2020-02",24.86,0.00,74.72,100,2020,02
"chiang-mai","2020-03",28.72,0.00,68.91,99,2020,03
"chiang-mai","2020-04",29.78,4.75,70.40,90,2020,04
"chiang-mai","2020-05",30.65,2.30,71.32,86,2020,05
"chiang-mai","2020-06",28.53,6.46,80.97,84,2020,06
"chiang-mai","2020-07",27.61,8.94,82.69,83,2020,07
"chiang-mai","2020-08",26.33,16.17,86.50,76,2020,08
"chiang-mai","2020-09",26.81,10.09,83.25,84,2020,09
"chiang-mai","2020-10",25.39,4.78,81.44,88,2020,10
"chiang-mai","2020-11",24.64,1.23,77.33,97,2020,11
"chiang-mai","2020-12",21.95,0.04,79.17,97,2020,12
"chiang-mai","2021-01",21.98,0.36,79.89,95,2021,01
"chiang-mai","2021-02",24.49,0.82,75.88,97,2021,02
"chiang-mai","2021-03",28.38,0.38,70.10,98,2021,03
"chiang-mai","2021-04",28.11,4.13,77.13,89,2021,04
"chiang-mai","2021-05",29.60,4.14,74.75,85,2021,05
"chiang-mai","2021-06",27.79,7.43,80.27,85,2021,06
"chiang-mai","2021-07",27.05,11.70,85.24,80,2021,07
"chiang-mai","2021-08",26.79,10.62,84.67,81,2021,08
"chiang-mai","2021-09",26.18,14.06,84.41,81,2021,09
"chiang-mai","2021-10",25.59,8.65,82.93,85,2021,10
"chiang-mai","2021-11",24.54,4.57,80.17,90,2021,11
"chiang-mai","2021-12",21.16,0.23,80.95,94,2021,12
"chiang-mai","2022-01",21.64,1.16,81.62,94,2022,01
"chiang-mai","2022-02",22.56,4.21,80.41,93,2022,02
"chiang-mai","2022-03",28.43,1.08,71.39,96,2022,03
"chiang-mai","2022-04",27.80,3.44,74.14,91,2022,04
"chiang-mai","2022-05",26.73,13.38,83.23,83,2022,05
"chiang-mai","2022-06",27.52,5.70,80.73,87,2022,06
"chiang-mai","2022-07",26.68,13.50,83.06,81,2022,07
"chiang-mai","2022-08",26.20,15.96,86.06,77,2022,08
"chiang-mai","2022-09",25.77,12.43,85.80,80,2022,09
"chiang-mai","2022-10",25.10,5.99,79.88,89,2022,10
"chiang-mai","2022-11",24.72,1.48,78.95,94,2022,11
"chiang-mai","2022-12",23.14,0.96,79.24,94,2022,12
"chiang-mai","2023-01",21.81,0.03,79.36,98,2023,01
"chiang-mai","2023-02",23.50,1.69,77.49,97,2023,02
"chiang-mai","2023-03",26.00,0.52,73.74,98,2023,03
"chiang-mai","2023-04",30.11,0.23,67.53,95,2023,04
"chiang-mai","2023-05",29.13,4.83,74.03,90,2023,05
"chiang-mai","2023-06",28.12,9.73,82.01,80,2023,06
"chiang-mai","2023-07",27.63,10.14,82.07,83,2023,07
"chiang-mai","2023-08",26.92,11.00,85.65,79,2023,08
"chiang-mai","2023-09",26.50,20.03,84.65,76,2023,09
"chiang-mai","2023-10",25.80,6.82,82.45,86,2023,10
"chiang-mai","2023-11",24.50,1.33,78.22,95,2023,11
"chiang-mai","2023-12",23.39,1.46,77.95,95,2023,12
"chiang-mai","2024-01",22.58,0.69,79.88,95,2024,01
"chiang-mai","2024-02",24.63,0.13,75.44,99,2024,02
"chiang-mai","2024-03",28.42,0.28,70.01,98,2024,03
"chiang-mai","2024-04",32.11,0.34,64.64,91,2024,04
"chiang-mai","2024-05",29.47,12.76,78.04,79,2024,05
"chiang-mai","2024-06",27.60,10.07,82.92,83,2024,06
"chiang-mai","2024-07",26.91,16.25,85.90,77,2024,07
"chiang-mai","2024-08",26.48,14.69,86.61,77,2024,08
"chiang-mai","2024-09",26.61,12.68,83.04,82,2024,09
"chiang-mai","2024-10",25.99,9.15,80.11,87,2024,10
"chiang-mai","2024-11",24.54,1.36,77.82,96,2024,11
"chiang-mai","2024-12",23.31,0.65,78.15,96,2024,12
"chiang-mai","2025-01",21.04,0.05,80.60,95,2025,01
"chiang-mai","2025-02",24.34,1.86,76.53,98,2025,02
"chiang-mai","2025-03",26.63,0.34,73.03,98,2025,03
"chiang-mai","2025-04",28.87,1.99,70.83,95,2025,04
"chiang-mai","2025-05",28.22,8.75,80.31,83,2025,05
"chiang-mai","2025-06",27.42,11.25,83.07,82,2025,06
"chiang-mai","2025-07",26.53,16.95,86.51,76,2025,07
"chiang-mai","2025-08",26.71,14.25,85.77,78,2025,08
"chiang-mai","2025-09",26.62,8.05,81.86,86,2025,09
"chiang-mai","2025-10",26.39,3.46,78.33,91,2025,10
"chiang-mai","2025-11",23.59,6.79,82.10,87,2025,11
"chiang-rai","2020-01",20.95,0.05,80.73,95,2020,01
"chiang-rai","2020-02",22.51,0.02,78.31,98,2020,02
"chiang-rai","2020-03",25.38,0.00,73.93,100,2020,03
"chiang-rai","2020-04",27.02,4.05,74.79,94,2020,04
"chiang-rai","2020-05",28.79,1.48,71.78,94,2020,05
"chiang-rai","2020-06",27.14,8.06,82.88,84,2020,06
"chiang-rai","2020-07",26.80,7.23,82.92,84,2020,07
"chiang-rai","2020-08",25.95,14.84,86.08,78,2020,08
"chiang-rai","2020-09",26.15,9.21,83.99,83,2020,09
"chiang-rai","2020-10",24.51,3.75,81.69,90,2020,10
"chiang-rai","2020-11",23.65,0.57,78.10,97,2020,11
"chiang-rai","2020-12",20.52,0.14,81.62,92,2020,12
"chiang-rai","2021-01",20.22,0.41,82.21,90,2021,01
"chiang-rai","2021-02",21.85,1.55,79.84,95,2021,02
"chiang-rai","2021-03",25.87,0.25,73.91,99,2021,03
"chiang-rai","2021-04",25.97,4.48,79.65,89,2021,04
"chiang-rai","2021-05",27.68,3.90,77.86,90,2021,05
"chiang-rai","2021-06",27.10,9.90,80.85,85,2021,06
"chiang-rai","2021-07",26.42,11.46,84.51,82,2021,07
"chiang-rai","2021-08",26.28,8.73,83.41,83,2021,08
"chiang-rai","2021-09",25.94,11.39,84.06,82,2021,09
"chiang-rai","2021-10",25.07,7.81,82.13,86,2021,10
"chiang-rai","2021-11",23.42,4.42,82.74,89,2021,11
"chiang-rai","2021-12",20.21,0.31,82.50,89,2021,12
"chiang-rai","2022-01",20.64,2.47,82.53,88,2022,01
"chiang-rai","2022-02",21.34,3.41,82.55,89,2022,02
"chiang-rai","2022-03",26.04,2.46,77.14,94,2022,03
"chiang-rai","2022-04",25.66,3.62,77.69,91,2022,04
"chiang-rai","2022-05",25.80,10.09,83.40,83,2022,05
"chiang-rai","2022-06",26.95,6.04,81.22,87,2022,06
"chiang-rai","2022-07",26.46,9.00,81.90,84,2022,07
"chiang-rai","2022-08",25.90,12.17,82.88,82,2022,08
"chiang-rai","2022-09",25.52,12.23,85.68,81,2022,09
"chiang-rai","2022-10",24.73,5.54,79.61,91,2022,10
"chiang-rai","2022-11",23.44,1.57,80.33,94,2022,11
"chiang-rai","2022-12",21.57,2.11,82.39,90,2022,12
"chiang-rai","2023-01",20.70,0.01,80.98,94,2023,01
"chiang-rai","2023-02",22.85,1.20,79.03,96,2023,02
"chiang-rai","2023-03",25.65,0.69,74.26,98,2023,03
"chiang-rai","2023-04",29.15,0.59,69.32,98,2023,04
"chiang-rai","2023-05",28.67,5.59,74.02,89,2023,05
"chiang-rai","2023-06",27.42,9.92,83.36,81,2023,06
"chiang-rai","2023-07",27.54,7.64,80.88,85,2023,07
"chiang-rai","2023-08",26.20,10.87,84.42,82,2023,08
"chiang-rai","2023-09",26.07,14.48,84.61,80,2023,09
"chiang-rai","2023-10",25.01,8.89,84.86,82,2023,10
"chiang-rai","2023-11",22.94,1.49,80.04,93,2023,11
"chiang-rai","2023-12",21.74,1.30,82.00,91,2023,12
"chiang-rai","2024-01",21.35,1.54,81.67,92,2024,01
"chiang-rai","2024-02",22.94,0.16,78.07,99,2024,02
"chiang-rai","2024-03",25.82,0.27,73.83,99,2024,03
"chiang-rai","2024-04",28.58,0.84,70.93,98,2024,04
"chiang-rai","2024-05",27.83,9.52,80.38,85,2024,05
"chiang-rai","2024-06",26.86,9.06,82.65,83,2024,06
"chiang-rai","2024-07",26.66,10.29,85.27,81,2024,07
"chiang-rai","2024-08",25.87,15.61,86.12,78,2024,08
"chiang-rai","2024-09",26.27,11.93,81.51,84,2024,09
"chiang-rai","2024-10",25.13,8.17,80.13,89,2024,10
"chiang-rai","2024-11",23.22,3.51,80.82,92,2024,11
"chiang-rai","2024-12",21.82,0.55,80.44,93,2024,12
"chiang-rai","2025-01",19.62,0.14,82.82,88,2025,01
"chiang-rai","2025-02",22.61,0.61,79.49,97,2025,02
"chiang-rai","2025-03",24.90,0.24,75.38,98,2025,03
"chiang-rai","2025-04",27.08,2.29,73.47,96,2025,04
"chiang-rai","2025-05",26.84,8.05,80.45,86,2025,05
"chiang-rai","2025-06",26.72,9.97,84.22,81,2025,06
"chiang-rai","2025-07",25.99,16.81,86.06,76,2025,07
"chiang-rai","2025-08",26.30,10.02,84.53,81,2025,08
"chiang-rai","2025-09",25.72,9.95,83.69,83,2025,09
"chiang-rai","2025-10",25.14,3.85,79.17,92,2025,10
"chiang-rai","2025-11",22.00,7.24,84.11,85,2025,11
"lampang","2020-01",24.23,0.03,75.76,99,2020,01
"lampang","2020-02",26.39,0.03,72.52,99,2020,02
"lampang","2020-03",30.16,0.24,67.38,95,2020,03
"lampang","2020-04",30.81,2.75,69.56,91,2020,04
"lampang","2020-05",31.90,1.77,68.42,86,2020,05
"lampang","2020-06",29.47,6.24,76.30,83,2020,06
"lampang","2020-07",29.11,7.44,78.95,85,2020,07
"lampang","2020-08",26.98,12.75,83.49,80,2020,08
"lampang","2020-09",27.63,11.21,82.93,83,2020,09
"lampang","2020-10",25.95,5.21,80.97,89,2020,10
"lampang","2020-11",26.14,0.77,74.59,97,2020,11
"lampang","2020-12",23.32,0.05,77.15,99,2020,12
"lampang","2021-01",23.32,0.04,77.15,98,2021,01
"lampang","2021-02",25.73,0.66,73.90,98,2021,02
"lampang","2021-03",29.48,0.29,68.62,96,2021,03
"lampang","2021-04",28.71,6.57,77.53,85,2021,04
"lampang","2021-05",30.28,3.93,73.49,86,2021,05
"lampang","2021-06",29.00,5.57,75.85,85,2021,06
"lampang","2021-07",28.04,7.48,79.90,85,2021,07
"lampang","2021-08",28.43,6.43,77.96,87,2021,08
"lampang","2021-09",26.69,14.35,82.93,82,2021,09
"lampang","2021-10",26.24,7.68,80.90,87,2021,10
"lampang","2021-11",25.64,2.68,76.48,95,2021,11
"lampang","2021-12",22.23,0.20,79.18,97,2021,12
"lampang","2022-01",22.82,1.00,79.10,96,2022,01
"lampang","2022-02",23.91,3.46,79.58,93,2022,02
"lampang","2022-03",28.81,3.21,72.35,93,2022,03
"lampang","2022-04",29.02,3.11,73.12,89,2022,04
"lampang","2022-05",27.24,10.41,81.39,85,2022,05
"lampang","2022-06",28.87,4.89,78.07,86,2022,06
"lampang","2022-07",27.64,10.11,81.19,84,2022,07
"lampang","2022-08",26.98,10.82,84.00,82,2022,08
"lampang","2022-09",26.52,15.15,83.75,81,2022,09
"lampang","2022-10",25.74,6.80,79.91,89,2022,10
"lampang","2022-11",25.16,2.92,78.98,93,2022,11
"lampang","2022-12",23.33,0.91,78.81,95,2022,12
"lampang","2023-01",21.76,0.08,79.59,98,2023,01
"lampang","2023-02",24.14,0.36,76.63,98,2023,02
"lampang","2023-03",27.06,0.53,72.19,98,2023,03
"lampang","2023-04",30.86,0.39,66.54,95,2023,04
"lampang","2023-05",30.04,5.23,72.89,86,2023,05
"lampang","2023-06",29.35,6.69,77.72,84,2023,06
"lampang","2023-07",29.23,6.38,78.27,85,2023,07
"lampang","2023-08",28.39,7.47,80.13,85,2023,08
"lampang","2023-09",27.33,15.88,83.59,79,2023,09
"lampang","2023-10",26.42,9.85,84.07,83,2023,10
"lampang","2023-11",25.44,0.85,76.15,96,2023,11
"lampang","2023-12",24.65,0.38,76.16,97,2023,12
"lampang","2024-01",23.83,0.99,78.12,96,2024,01
"lampang","2024-02",25.82,0.62,74.38,98,2024,02
"lampang","2024-03",28.97,1.79,69.76,97,2024,03
"lampang","2024-04",32.75,0.60,64.04,91,2024,04
"lampang","2024-05",30.27,9.87,76.84,80,2024,05
"lampang","2024-06",28.68,7.67,79.18,86,2024,06
"lampang","2024-07",28.25,9.47,82.52,82,2024,07
"lampang","2024-08",27.33,8.34,82.41,84,2024,08
"lampang","2024-09",27.27,8.65,79.72,85,2024,09
"lampang","2024-10",26.81,8.39,78.81,87,2024,10
"lampang","2024-11",25.60,1.66,76.60,95,2024,11
"lampang","2024-12",23.84,0.16,76.71,99,2024,12
"lampang","2025-01",21.67,0.00,79.49,97,2025,01
"lampang","2025-02",25.30,0.86,75.65,97,2025,02
"lampang","2025-03",28.69,0.54,69.81,98,2025,03
"lampang","2025-04",30.56,2.63,70.43,88,2025,04
"lampang","2025-05",28.98,7.47,76.81,84,2025,05
"lampang","2025-06",28.24,6.11,79.69,87,2025,06
"lampang","2025-07",27.59,10.55,82.17,83,2025,07
"lampang","2025-08",27.64,8.08,79.89,86,2025,08
"lampang","2025-09",27.51,9.40,80.92,85,2025,09
"lampang","2025-10",27.32,3.61,77.02,91,2025,10
"lampang","2025-11",24.10,7.51,82.78,87,2025,11
"mae-hong-son","2020-01",23.13,0.01,77.32,98,2020,01
"mae-hong-son","2020-02",24.36,0.02,75.52,100,2020,02
"mae-hong-son","2020-03",28.21,0.00,69.68,100,2020,03
"mae-hong-son","2020-04",30.56,2.36,68.70,91,2020,04
"mae-hong-son","2020-05",29.80,4.80,73.89,84,2020,05
"mae-hong-son","2020-06",27.95,9.03,82.65,84,2020,06
"mae-hong-son","2020-07",27.54,10.34,84.13,81,2020,07
"mae-hong-son","2020-08",26.42,22.25,86.79,76,2020,08
"mae-hong-son","2020-09",27.24,10.60,83.69,82,2020,09
"mae-hong-son","2020-10",26.52,2.69,78.19,92,2020,10
"mae-hong-son","2020-11",25.50,1.08,75.02,97,2020,11
"mae-hong-son","2020-12",23.01,0.12,77.85,98,2020,12
"mae-hong-son","2021-01",22.96,0.49,78.87,97,2021,01
"mae-hong-son","2021-02",23.51,0.94,77.78,96,2021,02
"mae-hong-son","2021-03",27.62,0.07,70.77,99,2021,03
"mae-hong-son","2021-04",27.87,5.18,76.79,89,2021,04
"mae-hong-son","2021-05",29.20,6.06,75.93,86,2021,05
"mae-hong-son","2021-06",27.42,12.11,83.41,81,2021,06
"mae-hong-son","2021-07",26.87,11.80,85.23,79,2021,07
"mae-hong-son","2021-08",26.67,11.42,84.13,82,2021,08
"mae-hong-son","2021-09",27.07,8.96,82.63,84,2021,09
"mae-hong-son","2021-10",26.51,6.63,81.33,87,2021,10
"mae-hong-son","2021-11",25.65,2.65,78.58,92,2021,11
"mae-hong-son","2021-12",22.40,0.05,78.54,98,2021,12
"mae-hong-son","2022-01",22.36,1.75,80.13,95,2022,01
"mae-hong-son","2022-02",23.27,2.09,78.80,96,2022,02
"mae-hong-son","2022-03",28.54,1.50,71.89,95,2022,03
"mae-hong-son","2022-04",29.42,1.14,71.20,93,2022,04
"mae-hong-son","2022-05",27.80,10.25,82.15,82,2022,05
"mae-hong-son","2022-06",27.54,10.00,83.33,83,2022,06
"mae-hong-son","2022-07",27.76,11.89,81.59,82,2022,07
"mae-hong-son","2022-08",27.29,14.40,83.51,81,2022,08
"mae-hong-son","2022-09",26.72,12.10,84.55,80,2022,09
"mae-hong-son","2022-10",26.16,4.13,77.50,92,2022,10
"mae-hong-son","2022-11",25.76,1.78,76.89,95,2022,11
"mae-hong-son","2022-12",24.43,0.54,76.80,97,2022,12
"mae-hong-son","2023-01",22.00,0.00,79.00,99,2023,01
"mae-hong-son","2023-02",24.55,0.36,75.95,99,2023,02
"mae-hong-son","2023-03",27.26,0.46,71.83,99,2023,03
"mae-hong-son","2023-04",31.65,0.08,64.76,94,2023,04
"mae-hong-son","2023-05",30.49,4.50,71.55,85,2023,05
"mae-hong-son","2023-06",28.28,12.17,82.09,81,2023,06
"mae-hong-son","2023-07",28.11,9.88,82.71,81,2023,07
"mae-hong-son","2023-08",27.48,13.08,83.45,80,2023,08
"mae-hong-son","2023-09",27.25,16.69,83.77,76,2023,09
"mae-hong-son","2023-10",26.65,8.00,81.77,86,2023,10
"mae-hong-son","2023-11",26.70,1.15,74.17,97,2023,11
"mae-hong-son","2023-12",24.80,0.53,76.29,97,2023,12
"mae-hong-son","2024-01",23.19,0.81,78.78,97,2024,01
"mae-hong-son","2024-02",24.95,0.00,74.58,100,2024,02
"mae-hong-son","2024-03",28.41,0.48,70.35,98,2024,03
"mae-hong-son","2024-04",32.52,0.21,63.85,92,2024,04
"mae-hong-son","2024-05",30.34,10.10,74.94,80,2024,05
"mae-hong-son","2024-06",28.06,15.78,84.06,78,2024,06
"mae-hong-son","2024-07",27.24,15.79,85.49,77,2024,07
"mae-hong-son","2024-08",27.25,19.02,84.80,76,2024,08
"mae-hong-son","2024-09",27.52,11.53,79.20,86,2024,09
"mae-hong-son","2024-10",27.56,5.02,75.93,90,2024,10
"mae-hong-son","2024-11",25.27,3.16,76.14,95,2024,11
"mae-hong-son","2024-12",23.99,0.43,76.71,98,2024,12
"mae-hong-son","2025-01",21.65,0.05,79.68,96,2025,01
"mae-hong-son","2025-02",24.69,1.06,76.16,98,2025,02
"mae-hong-son","2025-03",27.97,0.02,70.11,100,2025,03
"mae-hong-son","2025-04",29.58,2.11,70.97,92,2025,04
"mae-hong-son","2025-05",28.44,9.76,79.74,83,2025,05
"mae-hong-son","2025-06",27.45,14.73,83.97,79,2025,06
"mae-hong-son","2025-07",26.47,20.31,86.90,74,2025,07
"mae-hong-son","2025-08",26.89,13.98,84.54,78,2025,08
"mae-hong-son","2025-09",26.99,12.13,84.20,80,2025,09
"mae-hong-son","2025-10",26.76,2.93,77.61,92,2025,10
"mae-hong-son","2025-11",24.14,5.38,80.89,90,2025,11
"nan","2020-01",23.31,0.03,77.14,98,2020,01
"nan","2020-02",24.20,0.04,75.83,99,2020,02
"nan","2020-03",28.53,0.53,70.66,97,2020,03
"nan","2020-04",29.20,2.75,71.79,92,2020,04
"nan","2020-05",30.01,2.35,71.01,89,2020,05
"nan","2020-06",27.46,11.48,83.37,81,2020,06
"nan","2020-07",27.47,8.26,82.39,84,2020,07
"nan","2020-08",25.95,19.09,86.09,78,2020,08
"nan","2020-09",26.59,11.27,85.29,81,2020,09
"nan","2020-10",25.06,3.24,80.50,91,2020,10
"nan","2020-11",24.89,0.22,75.33,98,2020,11
"nan","2020-12",21.37,0.00,79.95,96,2020,12
"nan","2021-01",20.47,0.06,81.47,92,2021,01
"nan","2021-02",22.81,0.55,78.39,97,2021,02
"nan","2021-03",27.16,0.26,72.05,97,2021,03
"nan","2021-04",26.63,8.68,81.01,85,2021,04
"nan","2021-05",28.04,4.98,78.39,88,2021,05
"nan","2021-06",27.06,10.29,81.23,84,2021,06
"nan","2021-07",26.70,10.25,83.85,82,2021,07
"nan","2021-08",26.77,8.00,83.12,85,2021,08
"nan","2021-09",26.22,11.20,85.13,82,2021,09
"nan","2021-10",25.77,5.49,80.66,89,2021,10
"nan","2021-11",24.73,1.52,76.18,97,2021,11
"nan","2021-12",21.12,0.08,80.57,94,2021,12
"nan","2022-01",22.12,1.23,80.55,95,2022,01
"nan","2022-02",22.83,3.07,79.81,93,2022,02
"nan","2022-03",27.21,4.18,76.27,92,2022,03
"nan","2022-04",26.77,4.54,78.18,90,2022,04
"nan","2022-05",26.49,11.95,83.18,82,2022,05
"nan","2022-06",27.58,6.39,81.30,86,2022,06
"nan","2022-07",26.72,16.86,84.44,78,2022,07
"nan","2022-08",26.15,14.67,83.99,81,2022,08
"nan","2022-09",25.94,14.97,85.72,78,2022,09
"nan","2022-10",24.86,6.50,80.95,90,2022,10
"nan","2022-11",24.61,3.37,80.49,92,2022,11
"nan","2022-12",22.46,0.41,79.48,95,2022,12
"nan","2023-01",21.28,0.06,80.26,95,2023,01
"nan","2023-02",24.13,0.06,76.00,99,2023,02
"nan","2023-03",26.64,0.46,73.35,98,2023,03
"nan","2023-04",30.03,2.42,69.23,93,2023,04
"nan","2023-05",29.15,5.32,75.07,88,2023,05
"nan","2023-06",27.62,12.87,82.96,80,2023,06
"nan","2023-07",27.44,10.71,81.96,83,2023,07
"nan","2023-08",26.50,12.45,84.86,80,2023,08
"nan","2023-09",26.45,17.10,84.66,77,2023,09
"nan","2023-10",26.02,12.41,85.53,80,2023,10
"nan","2023-11",24.54,1.48,78.41,95,2023,11
"nan","2023-12",23.70,0.78,77.40,96,2023,12
"nan","2024-01",23.08,0.74,79.19,95,2024,01
"nan","2024-02",24.97,0.18,75.07,99,2024,02
"nan","2024-03",27.63,0.53,71.96,97,2024,03
"nan","2024-04",30.89,0.78,67.20,93,2024,04
"nan","2024-05",28.49,10.57,80.31,83,2024,05
"nan","2024-06",27.91,10.84,81.57,82,2024,06
"nan","2024-07",26.69,11.55,84.26,81,2024,07
"nan","2024-08",26.62,12.76,84.06,80,2024,08
"nan","2024-09",26.57,9.65,81.91,84,2024,09
"nan","2024-10",26.52,4.00,77.36,92,2024,10
"nan","2024-11",24.83,0.78,76.58,97,2024,11
"nan","2024-12",22.48,0.18,78.82,96,2024,12
"nan","2025-01",20.21,0.00,81.69,91,2025,01
"nan","2025-02",24.21,0.56,76.73,98,2025,02
"nan","2025-03",26.80,0.32,72.20,99,2025,03
"nan","2025-04",28.25,2.40,74.89,93,2025,04
"nan","2025-05",27.73,6.15,80.66,86,2025,05
"nan","2025-06",27.50,8.20,81.53,85,2025,06
"nan","2025-07",26.35,20.52,86.96,75,2025,07
"nan","2025-08",26.79,11.76,84.46,81,2025,08
"nan","2025-09",26.57,10.37,83.49,83,2025,09
"nan","2025-10",26.22,2.12,78.20,91,2025,10
"nan","2025-11",23.25,4.64,81.53,90,2025,11
"phrae","2020-01",25.00,0.01,74.53,100,2020,01
"phrae","2020-02",26.27,0.06,72.78,100,2020,02
"phrae","2020-03",30.32,0.12,66.89,96,2020,03
"phrae","2020-04",30.47,2.05,69.87,92,2020,04
"phrae","2020-05",31.10,0.90,68.03,91,2020,05
"phrae","2020-06",29.54,5.48,76.02,83,2020,06
"phrae","2020-07",29.15,4.25,76.32,88,2020,07
"phrae","2020-08",26.99,11.25,82.52,82,2020,08
"phrae","2020-09",27.44,6.75,82.19,86,2020,09
"phrae","2020-10",25.54,4.38,80.86,89,2020,10
"phrae","2020-11",25.55,0.16,74.16,98,2020,11
"phrae","2020-12",22.65,0.00,78.03,98,2020,12
"phrae","2021-01",22.29,0.01,78.59,96,2021,01
"phrae","2021-02",25.14,0.22,74.80,99,2021,02
"phrae","2021-03",29.35,0.22,68.64,97,2021,03
"phrae","2021-04",27.95,8.83,78.71,86,2021,04
"phrae","2021-05",30.17,2.14,71.60,89,2021,05
"phrae","2021-06",28.81,5.16,75.48,90,2021,06
"phrae","2021-07",27.97,7.12,81.03,84,2021,07
"phrae","2021-08",27.95,6.98,78.89,89,2021,08
"phrae","2021-09",26.86,11.83,82.81,83,2021,09
"phrae","2021-10",26.43,4.50,79.05,89,2021,10
"phrae","2021-11",26.14,0.97,74.85,97,2021,11
"phrae","2021-12",23.04,0.03,77.51,99,2021,12
"phrae","2022-01",24.00,0.90,77.55,97,2022,01
"phrae","2022-02",24.28,2.29,78.40,95,2022,02
"phrae","2022-03",29.28,1.84,71.52,92,2022,03
"phrae","2022-04",29.59,2.00,71.21,90,2022,04
"phrae","2022-05",27.64,9.97,80.37,85,2022,05
"phrae","2022-06",29.26,3.06,74.22,90,2022,06
"phrae","2022-07",27.96,9.50,79.15,85,2022,07
"phrae","2022-08",27.02,6.78,81.74,85,2022,08
"phrae","2022-09",26.49,10.68,83.66,81,2022,09
"phrae","2022-10",26.01,4.44,79.10,91,2022,10
"phrae","2022-11",25.08,3.39,78.85,93,2022,11
"phrae","2022-12",23.45,0.54,78.10,95,2022,12
"phrae","2023-01",22.01,0.03,79.06,97,2023,01
"phrae","2023-02",25.57,0.16,74.12,99,2023,02
"phrae","2023-03",27.84,0.38,71.20,98,2023,03
"phrae","2023-04",31.26,0.88,66.35,93,2023,04
"phrae","2023-05",30.25,3.44,72.13,86,2023,05
"phrae","2023-06",29.46,6.22,77.58,83,2023,06
"phrae","2023-07",29.30,3.85,75.62,88,2023,07
"phrae","2023-08",28.36,7.07,79.27,86,2023,08
"phrae","2023-09",27.24,14.34,83.95,79,2023,09
"phrae","2023-10",26.76,5.65,80.27,88,2023,10
"phrae","2023-11",25.98,0.97,74.84,97,2023,11
"phrae","2023-12",25.27,0.16,74.58,99,2023,12
"phrae","2024-01",24.35,1.28,76.87,96,2024,01
"phrae","2024-02",26.69,0.06,72.15,99,2024,02
"phrae","2024-03",29.25,0.82,69.67,97,2024,03
"phrae","2024-04",32.43,0.11,63.70,93,2024,04
"phrae","2024-05",30.21,8.22,75.31,83,2024,05
"phrae","2024-06",28.99,5.39,76.94,87,2024,06
"phrae","2024-07",28.23,7.09,81.09,86,2024,07
"phrae","2024-08",27.60,6.60,79.65,87,2024,08
"phrae","2024-09",27.51,8.33,79.16,87,2024,09
"phrae","2024-10",27.49,3.29,75.07,93,2024,10
"phrae","2024-11",26.75,0.43,72.97,98,2024,11
"phrae","2024-12",25.15,0.06,74.46,99,2024,12
"phrae","2025-01",22.88,0.00,77.68,98,2025,01
"phrae","2025-02",26.87,0.25,72.45,99,2025,02
"phrae","2025-03",30.08,0.13,67.28,95,2025,03
"phrae","2025-04",31.09,2.88,70.02,87,2025,04
"phrae","2025-05",29.38,4.86,76.51,86,2025,05
"phrae","2025-06",29.36,2.80,74.00,91,2025,06
"phrae","2025-07",27.91,10.35,81.97,83,2025,07
"phrae","2025-08",27.90,7.03,79.03,86,2025,08
"phrae","2025-09",27.29,8.85,80.69,84,2025,09
"phrae","2025-10",27.62,3.84,75.85,92,2025,10
"phrae","2025-11",25.00,4.71,80.03,91,2025,11
"phitsanulok","2020-01",27.51,0.05,70.88,100,2020,01
"phitsanulok","2020-02",27.92,0.07,70.32,99,2020,02
"phitsanulok","2020-03",30.88,0.41,66.90,92,2020,03
"phitsanulok","2020-04",31.48,2.02,67.36,90,2020,04
"phitsanulok","2020-05",31.82,1.96,68.18,88,2020,05
"phitsanulok","2020-06",29.37,9.73,80.22,79,2020,06
"phitsanulok","2020-07",28.80,6.28,78.93,87,2020,07
"phitsanulok","2020-08",27.81,8.18,80.80,85,2020,08
"phitsanulok","2020-09",28.22,10.41,81.67,83,2020,09
"phitsanulok","2020-10",26.47,9.24,81.91,84,2020,10
"phitsanulok","2020-11",26.87,0.22,72.37,98,2020,11
"phitsanulok","2020-12",25.00,0.02,74.56,100,2020,12
"phitsanulok","2021-01",24.21,0.00,75.69,99,2021,01
"phitsanulok","2021-02",26.69,0.29,72.75,98,2021,02
"phitsanulok","2021-03",30.60,0.48,67.26,95,2021,03
"phitsanulok","2021-04",28.97,7.95,78.31,84,2021,04
"phitsanulok","2021-05",30.16,2.72,72.49,87,2021,05
"phitsanulok","2021-06",28.98,4.82,75.61,88,2021,06
"phitsanulok","2021-07",28.31,9.82,81.05,82,2021,07
"phitsanulok","2021-08",28.22,7.92,80.17,86,2021,08
"phitsanulok","2021-09",27.60,15.18,83.37,79,2021,09
"phitsanulok","2021-10",27.36,8.68,80.56,86,2021,10
"phitsanulok","2021-11",27.09,0.82,73.50,97,2021,11
"phitsanulok","2021-12",24.07,0.04,76.01,99,2021,12
"phitsanulok","2022-01",24.75,0.49,75.76,99,2022,01
"phitsanulok","2022-02",25.23,3.77,77.92,93,2022,02
"phitsanulok","2022-03",29.23,3.00,72.32,92,2022,03
"phitsanulok","2022-04",29.39,1.41,70.57,95,2022,04
"phitsanulok","2022-05",28.23,9.76,80.22,84,2022,05
"phitsanulok","2022-06",28.50,4.67,76.25,91,2022,06
"phitsanulok","2022-07",28.19,12.33,81.09,82,2022,07
"phitsanulok","2022-08",27.70,17.23,84.04,76,2022,08
"phitsanulok","2022-09",27.24,17.08,83.81,77,2022,09
"phitsanulok","2022-10",26.99,6.66,77.50,89,2022,10
"phitsanulok","2022-11",27.13,2.90,75.89,93,2022,11
"phitsanulok","2022-12",24.77,0.25,75.60,97,2022,12
"phitsanulok","2023-01",24.11,0.08,76.07,100,2023,01
"phitsanulok","2023-02",26.96,0.29,72.42,98,2023,02
"phitsanulok","2023-03",29.34,0.75,69.51,95,2023,03
"phitsanulok","2023-04",32.34,0.89,65.51,91,2023,04
"phitsanulok","2023-05",31.14,6.33,70.06,85,2023,05
"phitsanulok","2023-06",29.42,6.70,77.72,85,2023,06
"phitsanulok","2023-07",29.30,5.66,76.18,86,2023,07
"phitsanulok","2023-08",28.63,5.48,79.06,86,2023,08
"phitsanulok","2023-09",27.87,17.07,83.71,77,2023,09
"phitsanulok","2023-10",27.71,7.80,80.93,85,2023,10
"phitsanulok","2023-11",27.04,1.56,74.77,95,2023,11
"phitsanulok","2023-12",25.99,0.09,73.30,99,2023,12
"phitsanulok","2024-01",25.33,1.41,76.61,95,2024,01
"phitsanulok","2024-02",27.49,0.08,70.99,99,2024,02
"phitsanulok","2024-03",29.67,2.07,70.90,92,2024,03
"phitsanulok","2024-04",32.69,0.27,63.76,93,2024,04
"phitsanulok","2024-05",30.82,6.01,74.40,82,2024,05
"phitsanulok","2024-06",29.11,6.93,79.24,88,2024,06
"phitsanulok","2024-07",28.08,8.66,82.16,83,2024,07
"phitsanulok","2024-08",28.33,9.09,79.95,83,2024,08
"phitsanulok","2024-09",28.20,9.40,81.52,83,2024,09
"phitsanulok","2024-10",28.14,7.00,77.99,89,2024,10
"phitsanulok","2024-11",27.48,0.86,72.41,97,2024,11
"phitsanulok","2024-12",25.90,0.00,73.15,100,2024,12
"phitsanulok","2025-01",23.75,0.00,76.38,99,2025,01
"phitsanulok","2025-02",26.96,1.96,74.22,96,2025,02
"phitsanulok","2025-03",29.61,0.02,67.64,96,2025,03
"phitsanulok","2025-04",30.88,1.01,67.57,90,2025,04
"phitsanulok","2025-05",29.18,8.95,78.22,83,2025,05
"phitsanulok","2025-06",28.63,8.70,78.60,87,2025,06
"phitsanulok","2025-07",28.15,7.64,80.73,85,2025,07
"phitsanulok","2025-08",28.16,10.34,80.35,85,2025,08
"phitsanulok","2025-09",27.94,11.58,83.13,82,2025,09
"phitsanulok","2025-10",28.12,5.55,78.66,89,2025,10
"phitsanulok","2025-11",25.68,4.32,79.54,90,2025,11
"sukhothai","2020-01",27.30,0.06,71.25,100,2020,01
"sukhothai","2020-02",28.05,0.01,69.94,100,2020,02
"sukhothai","2020-03",31.02,0.11,65.80,94,2020,03
"sukhothai","2020-04",31.66,2.47,67.48,91,2020,04
"sukhothai","2020-05",32.27,3.66,69.07,85,2020,05
"sukhothai","2020-06",29.08,7.71,79.00,85,2020,06
"sukhothai","2020-07",29.07,8.87,79.39,83,2020,07
"sukhothai","2020-08",28.01,10.65,81.36,82,2020,08
"sukhothai","2020-09",28.28,10.22,81.67,83,2020,09
"sukhothai","2020-10",26.55,8.85,82.56,85,2020,10
"sukhothai","2020-11",26.90,0.49,73.10,98,2020,11
"sukhothai","2020-12",24.77,0.01,74.88,100,2020,12
"sukhothai","2021-01",23.93,0.00,76.11,99,2021,01
"sukhothai","2021-02",26.69,0.49,72.75,98,2021,02
"sukhothai","2021-03",30.39,0.54,67.22,95,2021,03
"sukhothai","2021-04",29.09,7.44,78.06,85,2021,04
"sukhothai","2021-05",30.40,3.15,72.58,87,2021,05
"sukhothai","2021-06",29.41,5.37,75.32,85,2021,06
"sukhothai","2021-07",28.63,10.31,80.84,81,2021,07
"sukhothai","2021-08",28.45,8.72,79.03,85,2021,08
"sukhothai","2021-09",27.51,17.07,83.27,78,2021,09
"sukhothai","2021-10",27.41,7.82,80.13,86,2021,10
"sukhothai","2021-11",26.90,1.34,74.55,94,2021,11
"sukhothai","2021-12",23.61,0.16,77.06,99,2021,12
"sukhothai","2022-01",25.02,0.28,75.30,99,2022,01
"sukhothai","2022-02",25.35,5.03,77.13,93,2022,02
"sukhothai","2022-03",29.45,2.81,72.16,92,2022,03
"sukhothai","2022-04",29.85,1.78,70.77,92,2022,04
"sukhothai","2022-05",27.97,11.74,81.21,81,2022,05
"sukhothai","2022-06",28.68,5.14,77.40,88,2022,06
"sukhothai","2022-07",28.46,12.32,80.03,83,2022,07
"sukhothai","2022-08",27.74,15.51,82.64,79,2022,08
"sukhothai","2022-09",27.32,17.14,83.50,78,2022,09
"sukhothai","2022-10",26.86,7.70,78.60,88,2022,10
"sukhothai","2022-11",26.78,3.79,76.69,92,2022,11
"sukhothai","2022-12",24.54,0.36,76.02,98,2022,12
"sukhothai","2023-01",23.55,0.06,76.84,99,2023,01
"sukhothai","2023-02",26.35,0.31,73.41,98,2023,02
"sukhothai","2023-03",29.02,0.80,69.92,96,2023,03
"sukhothai","2023-04",32.58,1.04,64.92,92,2023,04
"sukhothai","2023-05",31.94,3.66,68.58,85,2023,05
"sukhothai","2023-06",29.95,9.46,77.47,82,2023,06
"sukhothai","2023-07",29.50,9.08,76.86,83,2023,07
"sukhothai","2023-08",29.27,5.96,78.51,84,2023,08
"sukhothai","2023-09",28.06,15.84,83.38,77,2023,09
"sukhothai","2023-10",27.60,10.10,82.00,82,2023,10
"sukhothai","2023-11",26.74,1.29,74.15,96,2023,11
"sukhothai","2023-12",25.88,0.22,73.77,98,2023,12
"sukhothai","2024-01",25.37,1.36,76.22,96,2024,01
"sukhothai","2024-02",27.63,0.08,70.80,100,2024,02
"sukhothai","2024-03",29.96,1.88,69.61,93,2024,03
"sukhothai","2024-04",32.92,0.05,62.78,93,2024,04
"sukhothai","2024-05",31.26,7.55,74.86,79,2024,05
"sukhothai","2024-06",29.02,13.41,81.54,80,2024,06
"sukhothai","2024-07",28.18,11.94,83.49,79,2024,07
"sukhothai","2024-08",28.45,9.67,82.05,82,2024,08
"sukhothai","2024-09",28.36,10.74,80.69,83,2024,09
"sukhothai","2024-10",28.00,8.32,78.38,86,2024,10
"sukhothai","2024-11",27.08,1.33,73.50,97,2024,11
"sukhothai","2024-12",25.23,0.12,74.52,99,2024,12
"sukhothai","2025-01",22.53,0.00,78.21,98,2025,01
"sukhothai","2025-02",26.10,0.34,73.86,98,2025,02
"sukhothai","2025-03",28.85,0.09,68.98,98,2025,03
"sukhothai","2025-04",30.77,1.97,69.79,88,2025,04
"sukhothai","2025-05",29.32,11.38,78.48,81,2025,05
"sukhothai","2025-06",28.78,9.67,79.71,83,2025,06
"sukhothai","2025-07",28.36,8.81,80.77,85,2025,07
"sukhothai","2025-08",28.68,9.60,78.67,84,2025,08
"sukhothai","2025-09",28.10,12.82,82.66,80,2025,09
"sukhothai","2025-10",28.34,5.74,77.59,90,2025,10
"sukhothai","2025-11",25.59,6.77,79.68,90,2025,11
"tak","2020-01",26.06,0.01,72.94,100,2020,01
"tak","2020-02",27.25,0.00,71.13,100,2020,02
"tak","2020-03",31.16,0.03,65.35,96,2020,03
"tak","2020-04",31.97,4.18,66.20,91,2020,04
"tak","2020-05",32.13,1.32,67.34,88,2020,05
"tak","2020-06",29.83,4.70,73.38,84,2020,06
"tak","2020-07",30.60,2.46,71.66,86,2020,07
"tak","2020-08",28.76,6.34,76.48,86,2020,08
"tak","2020-09",28.70,9.13,79.00,83,2020,09
"tak","2020-10",26.33,10.55,82.98,84,2020,10
"tak","2020-11",27.16,1.47,73.56,96,2020,11
"tak","2020-12",25.37,0.10,74.24,99,2020,12
"tak","2021-01",24.46,0.03,75.40,99,2021,01
"tak","2021-02",27.45,0.18,71.38,98,2021,02
"tak","2021-03",31.41,0.11,65.21,94,2021,03
"tak","2021-04",29.14,6.89,75.43,86,2021,04
"tak","2021-05",30.93,2.74,70.08,87,2021,05
"tak","2021-06",29.11,5.14,73.29,91,2021,06
"tak","2021-07",28.14,6.86,78.17,87,2021,07
"tak","2021-08",28.21,4.74,76.40,90,2021,08
"tak","2021-09",26.82,12.12,83.51,82,2021,09
"tak","2021-10",26.64,7.62,80.86,86,2021,10
"tak","2021-11",25.94,2.48,76.51,94,2021,11
"tak","2021-12",23.68,0.06,76.67,99,2021,12
"tak","2022-01",25.10,0.34,75.37,98,2022,01
"tak","2022-02",26.00,2.03,76.33,95,2022,02
"tak","2022-03",30.05,1.93,70.67,90,2022,03
"tak","2022-04",30.52,2.55,70.11,90,2022,04
"tak","2022-05",27.88,8.68,78.40,87,2022,05
"tak","2022-06",29.51,2.15,72.59,89,2022,06
"tak","2022-07",28.96,4.45,76.07,88,2022,07
"tak","2022-08",27.60,7.82,80.81,86,2022,08
"tak","2022-09",27.38,13.24,81.97,81,2022,09
"tak","2022-10",25.84,8.56,81.47,85,2022,10
"tak","2022-11",25.87,4.39,78.76,91,2022,11
"tak","2022-12",24.11,0.19,76.41,98,2022,12
"tak","2023-01",23.76,0.00,76.38,100,2023,01
"tak","2023-02",26.76,0.41,72.86,98,2023,02
"tak","2023-03",29.54,0.15,68.12,97,2023,03
"tak","2023-04",33.30,0.61,63.16,92,2023,04
"tak","2023-05",31.36,2.47,69.61,85,2023,05
"tak","2023-06",29.74,4.28,75.44,87,2023,06
"tak","2023-07",29.57,5.37,75.53,85,2023,07
"tak","2023-08",29.05,3.76,74.40,89,2023,08
"tak","2023-09",27.89,8.94,81.27,84,2023,09
"tak","2023-10",26.94,8.04,82.56,84,2023,10
"tak","2023-11",26.53,1.61,75.33,95,2023,11
"tak","2023-12",25.92,0.59,74.31,98,2023,12
"tak","2024-01",25.76,1.19,75.31,97,2024,01
"tak","2024-02",27.69,0.03,70.56,99,2024,02
"tak","2024-03",30.85,0.84,67.39,92,2024,03
"tak","2024-04",34.44,0.09,60.61,89,2024,04
"tak","2024-05",31.50,5.38,71.24,81,2024,05
"tak","2024-06",28.90,6.30,77.14,87,2024,06
"tak","2024-07",28.21,5.99,78.97,88,2024,07
"tak","2024-08",28.78,5.02,76.88,87,2024,08
"tak","2024-09",28.35,5.50,77.46,89,2024,09
"tak","2024-10",27.20,8.98,79.41,86,2024,10
"tak","2024-11",26.44,1.44,75.96,95,2024,11
"tak","2024-12",25.40,0.43,75.13,98,2024,12
"tak","2025-01",22.92,0.00,77.63,99,2025,01
"tak","2025-02",26.20,1.05,73.85,97,2025,02
"tak","2025-03",29.69,0.25,68.20,97,2025,03
"tak","2025-04",30.75,1.64,69.72,88,2025,04
"tak","2025-05",29.49,8.00,77.94,82,2025,05
"tak","2025-06",29.09,3.31,74.20,90,2025,06
"tak","2025-07",28.38,3.51,75.06,92,2025,07
"tak","2025-08",29.12,7.41,74.15,88,2025,08
"tak","2025-09",27.67,8.29,81.98,84,2025,09
"tak","2025-10",28.40,6.09,77.79,88,2025,10
"tak","2025-11",24.87,7.44,80.38,89,2025,11
"udon-thani","2020-01",24.73,0.06,75.10,99,2020,01
"udon-thani","2020-02",24.88,0.01,74.71,100,2020,02
"udon-thani","2020-03",27.49,4.41,75.86,92,2020,03
"udon-thani","2020-04",28.78,1.73,72.35,94,2020,04
"udon-thani","2020-05",31.52,2.51,70.30,85,2020,05
"udon-thani","2020-06",29.18,5.65,78.09,84,2020,06
"udon-thani","2020-07",28.66,7.79,79.03,85,2020,07
"udon-thani","2020-08",27.38,13.44,82.50,81,2020,08
"udon-thani","2020-09",27.51,10.39,84.32,81,2020,09
"udon-thani","2020-10",24.83,6.32,83.19,87,2020,10
"udon-thani","2020-11",24.89,0.27,75.29,99,2020,11
"udon-thani","2020-12",22.44,0.01,78.36,96,2020,12
"udon-thani","2021-01",20.69,0.00,80.98,94,2021,01
"udon-thani","2021-02",24.09,0.69,76.22,97,2021,02
"udon-thani","2021-03",28.14,1.32,72.30,95,2021,03
"udon-thani","2021-04",28.85,8.78,76.50,85,2021,04
"udon-thani","2021-05",29.66,6.14,75.12,84,2021,05
"udon-thani","2021-06",28.87,7.50,75.88,87,2021,06
"udon-thani","2021-07",28.35,8.33,80.46,83,2021,07
"udon-thani","2021-08",28.63,5.35,77.55,87,2021,08
"udon-thani","2021-09",26.82,14.29,84.52,79,2021,09
"udon-thani","2021-10",25.99,5.28,81.03,88,2021,10
"udon-thani","2021-11",25.37,0.03,74.04,99,2021,11
"udon-thani","2021-12",22.57,0.04,78.25,98,2021,12
"udon-thani","2022-01",23.80,0.98,76.99,98,2022,01
"udon-thani","2022-02",22.87,5.27,81.46,89,2022,02
"udon-thani","2022-03",27.28,3.93,76.72,93,2022,03
"udon-thani","2022-04",27.79,2.50,73.97,91,2022,04
"udon-thani","2022-05",27.09,8.21,81.82,85,2022,05
"udon-thani","2022-06",28.43,3.86,77.65,90,2022,06
"udon-thani","2022-07",27.68,14.36,81.92,81,2022,07
"udon-thani","2022-08",27.26,13.34,82.71,80,2022,08
"udon-thani","2022-09",26.55,12.64,84.64,80,2022,09
"udon-thani","2022-10",25.34,4.20,78.39,92,2022,10
"udon-thani","2022-11",25.97,2.86,76.52,93,2022,11
"udon-thani","2022-12",21.95,0.00,79.09,96,2022,12
"udon-thani","2023-01",21.64,0.21,79.92,95,2023,01
"udon-thani","2023-02",25.09,0.44,75.69,98,2023,02
"udon-thani","2023-03",27.58,0.11,70.96,98,2023,03
"udon-thani","2023-04",31.51,0.67,66.75,92,2023,04
"udon-thani","2023-05",30.40,4.82,73.38,85,2023,05
"udon-thani","2023-06",28.72,10.72,80.29,81,2023,06
"udon-thani","2023-07",28.36,11.56,82.08,81,2023,07
"udon-thani","2023-08",27.62,8.87,82.88,83,2023,08
"udon-thani","2023-09",26.89,16.18,84.43,78,2023,09
"udon-thani","2023-10",26.62,8.72,79.65,88,2023,10
"udon-thani","2023-11",25.60,0.25,74.35,99,2023,11
"udon-thani","2023-12",24.01,0.03,76.07,97,2023,12
"udon-thani","2024-01",23.34,0.90,78.30,94,2024,01
"udon-thani","2024-02",25.93,0.16,73.59,99,2024,02
"udon-thani","2024-03",28.09,3.50,74.61,92,2024,03
"udon-thani","2024-04",32.64,1.27,64.64,91,2024,04
"udon-thani","2024-05",30.24,6.94,75.50,81,2024,05
"udon-thani","2024-06",28.95,7.41,77.37,85,2024,06
"udon-thani","2024-07",27.70,11.51,82.86,81,2024,07
"udon-thani","2024-08",27.91,8.23,81.01,85,2024,08
"udon-thani","2024-09",27.25,13.67,82.13,82,2024,09
"udon-thani","2024-10",26.95,2.05,74.80,94,2024,10
"udon-thani","2024-11",25.69,0.27,74.27,99,2024,11
"udon-thani","2024-12",22.44,0.00,78.34,97,2024,12
"udon-thani","2025-01",20.38,0.00,81.43,92,2025,01
"udon-thani","2025-02",24.11,0.43,76.60,98,2025,02
"udon-thani","2025-03",26.68,0.05,72.12,99,2025,03
"udon-thani","2025-04",28.84,1.76,72.40,92,2025,04
"udon-thani","2025-05",28.85,6.97,76.63,87,2025,05
"udon-thani","2025-06",28.31,7.75,80.86,86,2025,06
"udon-thani","2025-07",27.73,10.88,81.04,83,2025,07
"udon-thani","2025-08",27.63,11.35,80.82,84,2025,08
"udon-thani","2025-09",27.13,12.22,84.60,79,2025,09
"udon-thani","2025-10",27.15,4.52,77.80,90,2025,10
"udon-thani","2025-11",23.91,1.90,79.29,93,2025,11
"khon-kaen","2020-01",26.58,0.04,72.26,100,2020,01
"khon-kaen","2020-02",26.55,0.01,72.22,99,2020,02
"khon-kaen","2020-03",29.75,2.30,71.51,92,2020,03
"khon-kaen","2020-04",29.63,2.50,71.92,90,2020,04
"khon-kaen","2020-05",31.85,2.06,68.77,86,2020,05
"khon-kaen","2020-06",30.08,4.49,75.71,82,2020,06
"khon-kaen","2020-07",29.96,5.25,76.38,85,2020,07
"khon-kaen","2020-08",28.13,7.63,79.96,86,2020,08
"khon-kaen","2020-09",28.06,8.85,82.38,83,2020,09
"khon-kaen","2020-10",24.75,8.52,84.70,84,2020,10
"khon-kaen","2020-11",24.88,0.27,75.08,99,2020,11
"khon-kaen","2020-12",23.02,0.02,77.52,97,2020,12
"khon-kaen","2021-01",21.55,0.00,79.68,94,2021,01
"khon-kaen","2021-02",24.61,0.68,75.48,99,2021,02
"khon-kaen","2021-03",28.55,2.45,72.48,93,2021,03
"khon-kaen","2021-04",29.25,5.37,75.41,86,2021,04
"khon-kaen","2021-05",30.04,5.58,74.72,83,2021,05
"khon-kaen","2021-06",29.67,2.91,72.08,88,2021,06
"khon-kaen","2021-07",28.80,8.36,78.31,86,2021,07
"khon-kaen","2021-08",29.05,4.68,75.77,88,2021,08
"khon-kaen","2021-09",26.83,15.01,85.33,79,2021,09
"khon-kaen","2021-10",26.17,9.57,81.52,86,2021,10
"khon-kaen","2021-11",25.16,0.12,74.62,99,2021,11
"khon-kaen","2021-12",22.36,0.05,78.63,97,2021,12
"khon-kaen","2022-01",23.89,0.35,76.79,98,2022,01
"khon-kaen","2022-02",23.65,2.49,80.56,90,2022,02
"khon-kaen","2022-03",27.99,5.22,75.08,91,2022,03
"khon-kaen","2022-04",27.90,2.69,73.22,92,2022,04
"khon-kaen","2022-05",27.62,5.44,78.52,89,2022,05
"khon-kaen","2022-06",29.78,2.86,73.63,87,2022,06
"khon-kaen","2022-07",28.18,10.87,80.40,83,2022,07
"khon-kaen","2022-08",27.67,6.30,81.39,85,2022,08
"khon-kaen","2022-09",26.61,14.76,85.86,80,2022,09
"khon-kaen","2022-10",25.11,5.22,79.06,92,2022,10
"khon-kaen","2022-11",25.81,3.86,77.60,93,2022,11
"khon-kaen","2022-12",22.32,0.02,78.58,96,2022,12
"khon-kaen","2023-01",21.85,0.29,79.95,95,2023,01
"khon-kaen","2023-02",25.29,0.96,75.14,98,2023,02
"khon-kaen","2023-03",27.84,0.21,70.86,98,2023,03
"khon-kaen","2023-04",31.73,0.92,67.15,90,2023,04
"khon-kaen","2023-05",30.36,4.06,72.24,88,2023,05
"khon-kaen","2023-06",29.69,3.85,74.93,88,2023,06
"khon-kaen","2023-07",29.26,6.22,77.34,83,2023,07
"khon-kaen","2023-08",28.95,3.17,75.58,89,2023,08
"khon-kaen","2023-09",27.29,11.11,81.63,83,2023,09
"khon-kaen","2023-10",26.98,8.57,78.93,87,2023,10
"khon-kaen","2023-11",25.70,0.36,74.52,98,2023,11
"khon-kaen","2023-12",24.50,0.08,75.50,97,2023,12
"khon-kaen","2024-01",24.62,0.32,75.65,98,2024,01
"khon-kaen","2024-02",27.20,0.23,71.91,99,2024,02
"khon-kaen","2024-03",29.09,2.20,70.62,91,2024,03
"khon-kaen","2024-04",33.60,0.09,61.88,92,2024,04
"khon-kaen","2024-05",30.74,8.96,74.95,76,2024,05
"khon-kaen","2024-06",29.98,6.65,74.41,83,2024,06
"khon-kaen","2024-07",28.08,8.93,80.34,84,2024,07
"khon-kaen","2024-08",28.48,3.78,77.14,91,2024,08
"khon-kaen","2024-09",27.66,7.24,79.97,86,2024,09
"khon-kaen","2024-10",26.86,3.16,76.64,92,2024,10
"khon-kaen","2024-11",26.12,0.44,73.96,98,2024,11
"khon-kaen","2024-12",23.75,0.05,76.50,99,2024,12
"khon-kaen","2025-01",22.04,0.00,78.93,97,2025,01
"khon-kaen","2025-02",25.51,0.21,74.38,98,2025,02
"khon-kaen","2025-03",27.50,3.59,73.01,94,2025,03
"khon-kaen","2025-04",29.37,1.59,71.41,91,2025,04
"khon-kaen","2025-05",28.87,7.64,77.07,85,2025,05
"khon-kaen","2025-06",28.97,4.32,75.42,91,2025,06
"khon-kaen","2025-07",28.47,4.25,77.02,90,2025,07
"khon-kaen","2025-08",28.40,6.95,78.02,86,2025,08
"khon-kaen","2025-09",27.41,10.24,82.24,83,2025,09
"khon-kaen","2025-10",27.19,5.09,77.91,90,2025,10
"khon-kaen","2025-11",24.16,3.61,80.08,92,2025,11
"ubon-ratchathani","2020-01",25.73,0.44,74.72,98,2020,01
"ubon-ratchathani","2020-02",26.25,0.03,72.73,100,2020,02
"ubon-ratchathani","2020-03",30.11,0.54,68.44,94,2020,03
"ubon-ratchathani","2020-04",29.58,2.38,73.27,89,2020,04
"ubon-ratchathani","2020-05",30.90,3.66,72.01,83,2020,05
"ubon-ratchathani","2020-06",28.98,4.67,78.31,86,2020,06
"ubon-ratchathani","2020-07",28.37,8.35,81.17,84,2020,07
"ubon-ratchathani","2020-08",27.44,9.50,83.02,82,2020,08
"ubon-ratchathani","2020-09",27.64,12.80,83.49,83,2020,09
"ubon-ratchathani","2020-10",25.10,14.63,84.44,80,2020,10
"ubon-ratchathani","2020-11",25.52,0.75,75.66,96,2020,11
"ubon-ratchathani","2020-12",24.31,0.12,75.90,98,2020,12
"ubon-ratchathani","2021-01",22.76,0.00,77.87,97,2021,01
"ubon-ratchathani","2021-02",25.45,0.37,74.53,99,2021,02
"ubon-ratchathani","2021-03",29.15,0.37,69.39,98,2021,03
"ubon-ratchathani","2021-04",29.18,4.29,75.37,88,2021,04
"ubon-ratchathani","2021-05",29.30,6.48,76.07,86,2021,05
"ubon-ratchathani","2021-06",28.74,6.86,78.12,86,2021,06
"ubon-ratchathani","2021-07",27.92,11.96,81.23,82,2021,07
"ubon-ratchathani","2021-08",28.02,6.20,80.02,87,2021,08
"ubon-ratchathani","2021-09",26.71,17.13,84.64,80,2021,09
"ubon-ratchathani","2021-10",26.29,9.60,83.11,83,2021,10
"ubon-ratchathani","2021-11",26.09,0.41,74.11,97,2021,11
"ubon-ratchathani","2021-12",24.15,1.15,76.92,98,2021,12
"ubon-ratchathani","2022-01",25.46,0.10,74.09,100,2022,01
"ubon-ratchathani","2022-02",25.04,2.50,77.13,93,2022,02
"ubon-ratchathani","2022-03",28.27,4.46,75.07,91,2022,03
"ubon-ratchathani","2022-04",26.77,4.92,76.92,92,2022,04
"ubon-ratchathani","2022-05",26.88,11.42,82.74,81,2022,05
"ubon-ratchathani","2022-06",28.36,4.12,76.71,91,2022,06
"ubon-ratchathani","2022-07",27.53,16.78,83.98,78,2022,07
"ubon-ratchathani","2022-08",27.11,13.22,83.74,80,2022,08
"ubon-ratchathani","2022-09",26.30,23.17,87.13,73,2022,09
"ubon-ratchathani","2022-10",25.77,5.85,79.36,90,2022,10
"ubon-ratchathani","2022-11",26.92,2.04,75.52,95,2022,11
"ubon-ratchathani","2022-12",24.17,0.07,75.97,99,2022,12
"ubon-ratchathani","2023-01",22.64,1.22,79.64,95,2023,01
"ubon-ratchathani","2023-02",26.45,0.36,73.08,99,2023,02
"ubon-ratchathani","2023-03",28.06,0.09,70.18,98,2023,03
"ubon-ratchathani","2023-04",31.14,2.05,69.28,87,2023,04
"ubon-ratchathani","2023-05",29.75,7.15,74.89,84,2023,05
"ubon-ratchathani","2023-06",28.38,8.92,80.01,84,2023,06
"ubon-ratchathani","2023-07",27.91,13.15,81.77,80,2023,07
"ubon-ratchathani","2023-08",27.98,8.65,81.73,84,2023,08
"ubon-ratchathani","2023-09",27.05,13.48,84.43,79,2023,09
"ubon-ratchathani","2023-10",27.16,8.29,80.41,85,2023,10
"ubon-ratchathani","2023-11",26.93,0.81,74.02,97,2023,11
"ubon-ratchathani","2023-12",25.98,0.26,73.69,98,2023,12
"ubon-ratchathani","2024-01",25.85,0.00,73.22,100,2024,01
"ubon-ratchathani","2024-02",27.82,0.47,71.69,97,2024,02
"ubon-ratchathani","2024-03",30.18,1.72,69.99,89,2024,03
"ubon-ratchathani","2024-04",33.00,0.79,64.73,89,2024,04
"ubon-ratchathani","2024-05",30.37,7.87,75.33,81,2024,05
"ubon-ratchathani","2024-06",28.98,5.18,77.46,86,2024,06
"ubon-ratchathani","2024-07",27.70,14.54,83.63,78,2024,07
"ubon-ratchathani","2024-08",28.17,7.74,81.59,84,2024,08
"ubon-ratchathani","2024-09",27.46,11.31,84.34,80,2024,09
"ubon-ratchathani","2024-10",26.76,3.53,76.59,93,2024,10
"ubon-ratchathani","2024-11",27.08,0.63,72.78,98,2024,11
"ubon-ratchathani","2024-12",24.43,0.01,75.37,100,2024,12
"ubon-ratchathani","2025-01",22.94,0.00,77.59,100,2025,01
"ubon-ratchathani","2025-02",26.12,0.01,72.84,100,2025,02
"ubon-ratchathani","2025-03",28.16,1.42,71.87,94,2025,03
"ubon-ratchathani","2025-04",30.13,2.22,70.33,88,2025,04
"ubon-ratchathani","2025-05",29.07,7.74,77.37,85,2025,05
"ubon-ratchathani","2025-06",28.20,7.50,80.20,85,2025,06
"ubon-ratchathani","2025-07",28.04,9.01,82.36,83,2025,07
"ubon-ratchathani","2025-08",27.86,6.35,79.00,87,2025,08
"ubon-ratchathani","2025-09",27.16,13.56,85.25,77,2025,09
"ubon-ratchathani","2025-10",27.03,5.40,79.43,88,2025,10
"ubon-ratchathani","2025-11",24.77,4.20,79.04,93,2025,11
"nakhon-phanom","2020-01",24.65,0.30,75.79,97,2020,01
"nakhon-phanom","2020-02",24.79,0.28,75.41,99,2020,02
"nakhon-phanom","2020-03",27.93,2.14,74.07,93,2020,03
"nakhon-phanom","2020-04",28.36,2.27,73.63,93,2020,04
"nakhon-phanom","2020-05",30.96,7.35,73.95,84,2020,05
"nakhon-phanom","2020-06",28.32,8.68,82.09,83,2020,06
"nakhon-phanom","2020-07",28.31,8.43,81.58,83,2020,07
"nakhon-phanom","2020-08",26.85,15.98,85.05,79,2020,08
"nakhon-phanom","2020-09",27.66,7.72,81.85,84,2020,09
"nakhon-phanom","2020-10",24.54,7.58,82.87,86,2020,10
"nakhon-phanom","2020-11",24.20,0.59,76.98,97,2020,11
"nakhon-phanom","2020-12",21.97,0.00,79.04,95,2020,12
"nakhon-phanom","2021-01",20.54,0.00,81.19,94,2021,01
"nakhon-phanom","2021-02",23.69,0.48,76.78,98,2021,02
"nakhon-phanom","2021-03",27.64,1.15,73.00,95,2021,03
"nakhon-phanom","2021-04",28.57,4.93,77.40,88,2021,04
"nakhon-phanom","2021-05",29.50,7.64,76.65,84,2021,05
"nakhon-phanom","2021-06",28.29,13.04,79.76,82,2021,06
"nakhon-phanom","2021-07",27.57,13.83,83.69,79,2021,07
"nakhon-phanom","2021-08",27.80,9.25,82.53,83,2021,08
"nakhon-phanom","2021-09",27.04,10.81,83.01,83,2021,09
"nakhon-phanom","2021-10",25.81,7.31,79.07,90,2021,10
"nakhon-phanom","2021-11",24.59,0.16,75.59,99,2021,11
"nakhon-phanom","2021-12",21.95,0.08,79.31,97,2021,12
"nakhon-phanom","2022-01",23.63,0.21,77.19,98,2022,01
"nakhon-phanom","2022-02",21.84,2.96,81.44,89,2022,02
"nakhon-phanom","2022-03",26.85,3.46,76.54,93,2022,03
"nakhon-phanom","2022-04",27.10,1.53,74.71,94,2022,04
"nakhon-phanom","2022-05",26.34,13.31,84.67,79,2022,05
"nakhon-phanom","2022-06",27.71,8.96,82.72,83,2022,06
"nakhon-phanom","2022-07",27.56,12.28,82.43,81,2022,07
"nakhon-phanom","2022-08",26.93,14.83,84.49,78,2022,08
"nakhon-phanom","2022-09",26.72,10.09,82.61,83,2022,09
"nakhon-phanom","2022-10",24.90,3.11,79.53,92,2022,10
"nakhon-phanom","2022-11",25.70,0.98,75.42,97,2022,11
"nakhon-phanom","2022-12",21.46,0.00,79.82,94,2022,12
"nakhon-phanom","2023-01",20.51,0.55,82.01,91,2023,01
"nakhon-phanom","2023-02",24.32,0.97,77.37,96,2023,02
"nakhon-phanom","2023-03",26.87,0.54,72.91,96,2023,03
"nakhon-phanom","2023-04",30.16,2.44,71.87,89,2023,04
"nakhon-phanom","2023-05",29.98,4.74,74.25,85,2023,05
"nakhon-phanom","2023-06",27.88,14.43,83.29,79,2023,06
"nakhon-phanom","2023-07",27.73,12.79,82.60,80,2023,07
"nakhon-phanom","2023-08",27.00,15.01,84.96,79,2023,08
"nakhon-phanom","2023-09",26.84,17.74,84.30,79,2023,09
"nakhon-phanom","2023-10",26.83,4.26,78.32,90,2023,10
"nakhon-phanom","2023-11",25.41,0.24,74.59,98,2023,11
"nakhon-phanom","2023-12",23.56,0.05,76.80,96,2023,12
"nakhon-phanom","2024-01",23.70,0.10,76.73,97,2024,01
"nakhon-phanom","2024-02",26.25,0.71,74.57,97,2024,02
"nakhon-phanom","2024-03",27.75,3.38,74.70,94,2024,03
"nakhon-phanom","2024-04",32.28,2.63,66.98,88,2024,04
"nakhon-phanom","2024-05",29.74,8.55,77.70,82,2024,05
"nakhon-phanom","2024-06",28.03,14.18,82.47,79,2024,06
"nakhon-phanom","2024-07",27.30,17.73,85.46,75,2024,07
"nakhon-phanom","2024-08",27.68,10.83,83.31,81,2024,08
"nakhon-phanom","2024-09",27.04,16.03,83.11,80,2024,09
"nakhon-phanom","2024-10",26.44,2.94,75.11,95,2024,10
"nakhon-phanom","2024-11",25.46,0.40,74.68,98,2024,11
"nakhon-phanom","2024-12",22.92,0.01,77.64,98,2024,12
"nakhon-phanom","2025-01",21.15,0.00,80.27,95,2025,01
"nakhon-phanom","2025-02",24.38,0.03,75.51,98,2025,02
"nakhon-phanom","2025-03",26.87,0.66,73.49,95,2025,03
"nakhon-phanom","2025-04",28.80,2.62,74.87,90,2025,04
"nakhon-phanom","2025-05",28.58,6.80,79.14,87,2025,05
"nakhon-phanom","2025-06",27.70,16.74,84.74,78,2025,06
"nakhon-phanom","2025-07",26.98,20.13,85.84,74,2025,07
"nakhon-phanom","2025-08",27.35,16.70,83.22,80,2025,08
"nakhon-phanom","2025-09",27.30,13.95,83.71,80,2025,09
"nakhon-phanom","2025-10",27.02,3.60,76.87,92,2025,10
"nakhon-phanom","2025-11",24.01,1.18,78.37,94,2025,11
"sakon-nakhon","2020-01",24.66,0.22,75.49,98,2020,01
"sakon-nakhon","2020-02",25.09,0.09,74.63,100,2020,02
"sakon-nakhon","2020-03",27.89,3.11,74.90,92,2020,03
"sakon-nakhon","2020-04",28.22,1.37,73.15,95,2020,04
"sakon-nakhon","2020-05",30.83,3.32,71.38,86,2020,05
"sakon-nakhon","2020-06",28.80,4.19,77.76,88,2020,06
"sakon-nakhon","2020-07",28.66,6.64,79.22,86,2020,07
"sakon-nakhon","2020-08",27.28,10.16,83.49,83,2020,08
"sakon-nakhon","2020-09",27.59,7.24,82.61,84,2020,09
"sakon-nakhon","2020-10",24.47,6.24,82.51,86,2020,10
"sakon-nakhon","2020-11",24.14,0.51,76.50,98,2020,11
"sakon-nakhon","2020-12",21.73,0.00,79.41,95,2020,12
"sakon-nakhon","2021-01",20.48,0.00,81.28,93,2021,01
"sakon-nakhon","2021-02",23.44,0.68,77.15,98,2021,02
"sakon-nakhon","2021-03",27.43,1.07,72.93,95,2021,03
"sakon-nakhon","2021-04",28.28,4.52,76.15,91,2021,04
"sakon-nakhon","2021-05",29.41,4.62,75.59,87,2021,05
"sakon-nakhon","2021-06",28.92,7.15,75.79,86,2021,06
"sakon-nakhon","2021-07",28.12,7.47,81.22,85,2021,07
"sakon-nakhon","2021-08",28.38,5.34,78.79,87,2021,08
"sakon-nakhon","2021-09",26.90,11.33,83.69,82,2021,09
"sakon-nakhon","2021-10",25.66,6.35,80.69,89,2021,10
"sakon-nakhon","2021-11",24.56,0.04,75.29,99,2021,11
"sakon-nakhon","2021-12",21.79,0.02,79.36,96,2021,12
"sakon-nakhon","2022-01",23.56,0.17,77.18,98,2022,01
"sakon-nakhon","2022-02",22.08,2.41,81.24,89,2022,02
"sakon-nakhon","2022-03",26.85,3.50,75.99,94,2022,03
"sakon-nakhon","2022-04",26.97,1.66,75.15,93,2022,04
"sakon-nakhon","2022-05",26.65,10.96,83.71,82,2022,05
"sakon-nakhon","2022-06",28.33,5.38,77.98,89,2022,06
"sakon-nakhon","2022-07",27.71,9.18,81.70,84,2022,07
"sakon-nakhon","2022-08",27.15,12.91,83.19,81,2022,08
"sakon-nakhon","2022-09",26.56,9.99,84.09,82,2022,09
"sakon-nakhon","2022-10",24.73,3.65,78.26,94,2022,10
"sakon-nakhon","2022-11",25.74,1.90,75.74,96,2022,11
"sakon-nakhon","2022-12",21.68,0.03,79.56,95,2022,12
"sakon-nakhon","2023-01",20.74,0.28,81.73,91,2023,01
"sakon-nakhon","2023-02",24.45,1.88,77.94,95,2023,02
"sakon-nakhon","2023-03",26.97,0.50,72.23,98,2023,03
"sakon-nakhon","2023-04",30.72,1.66,68.89,93,2023,04
"sakon-nakhon","2023-05",30.10,6.16,73.67,84,2023,05
"sakon-nakhon","2023-06",28.52,9.94,79.42,83,2023,06
"sakon-nakhon","2023-07",28.15,11.15,82.01,81,2023,07
"sakon-nakhon","2023-08",27.54,9.88,81.95,83,2023,08
"sakon-nakhon","2023-09",26.98,17.35,83.99,79,2023,09
"sakon-nakhon","2023-10",26.59,4.86,79.00,89,2023,10
"sakon-nakhon","2023-11",25.46,0.39,74.95,98,2023,11
"sakon-nakhon","2023-12",23.67,0.05,76.67,97,2023,12
"sakon-nakhon","2024-01",23.77,0.11,76.66,97,2024,01
"sakon-nakhon","2024-02",26.46,0.32,73.17,98,2024,02
"sakon-nakhon","2024-03",27.65,2.41,75.69,93,2024,03
"sakon-nakhon","2024-04",33.16,0.88,64.44,89,2024,04
"sakon-nakhon","2024-05",30.20,7.68,76.16,80,2024,05
"sakon-nakhon","2024-06",28.78,9.32,78.98,83,2024,06
"sakon-nakhon","2024-07",27.73,10.95,83.13,81,2024,07
"sakon-nakhon","2024-08",28.23,6.43,79.48,87,2024,08
"sakon-nakhon","2024-09",27.34,12.10,82.27,83,2024,09
"sakon-nakhon","2024-10",26.48,2.06,75.50,95,2024,10
"sakon-nakhon","2024-11",25.28,0.39,74.94,97,2024,11
"sakon-nakhon","2024-12",22.70,0.00,77.96,97,2024,12
"sakon-nakhon","2025-01",20.85,0.00,80.73,94,2025,01
"sakon-nakhon","2025-02",24.40,0.02,75.46,99,2025,02
"sakon-nakhon","2025-03",27.05,1.42,73.75,94,2025,03
"sakon-nakhon","2025-04",29.21,2.88,73.24,89,2025,04
"sakon-nakhon","2025-05",28.70,7.36,79.31,84,2025,05
"sakon-nakhon","2025-06",28.33,8.43,81.18,84,2025,06
"sakon-nakhon","2025-07",27.57,11.55,83.49,81,2025,07
"sakon-nakhon","2025-08",27.76,9.80,80.41,84,2025,08
"sakon-nakhon","2025-09",27.21,10.48,83.88,82,2025,09
"sakon-nakhon","2025-10",27.18,1.73,75.33,93,2025,10
"sakon-nakhon","2025-11",24.12,1.35,78.73,95,2025,11
"roi-et","2020-01",25.96,0.10,73.35,99,2020,01
"roi-et","2020-02",26.06,0.01,72.96,100,2020,02
"roi-et","2020-03",29.13,3.30,72.10,91,2020,03
"roi-et","2020-04",29.17,1.51,71.94,92,2020,04
"roi-et","2020-05",31.05,4.23,72.76,82,2020,05
"roi-et","2020-06",29.09,5.04,77.39,87,2020,06
"roi-et","2020-07",29.02,7.51,78.78,86,2020,07
"roi-et","2020-08",27.76,9.53,81.31,84,2020,08
"roi-et","2020-09",27.74,10.79,82.94,83,2020,09
"roi-et","2020-10",24.72,9.69,84.74,84,2020,10
"roi-et","2020-11",25.19,0.37,74.59,99,2020,11
"roi-et","2020-12",23.51,0.03,76.83,97,2020,12
"roi-et","2021-01",21.90,0.00,79.15,95,2021,01
"roi-et","2021-02",24.74,0.32,75.33,99,2021,02
"roi-et","2021-03",28.35,1.46,72.18,95,2021,03
"roi-et","2021-04",28.99,6.00,76.88,86,2021,04
"roi-et","2021-05",29.81,4.41,74.47,84,2021,05
"roi-et","2021-06",29.25,4.61,74.73,88,2021,06
"roi-et","2021-07",28.45,8.34,79.34,85,2021,07
"roi-et","2021-08",28.79,4.65,77.44,86,2021,08
"roi-et","2021-09",26.82,13.85,84.31,80,2021,09
"roi-et","2021-10",26.21,9.59,80.67,87,2021,10
"roi-et","2021-11",25.71,0.51,74.45,98,2021,11
"roi-et","2021-12",23.69,0.17,76.98,99,2021,12
"roi-et","2022-01",24.63,0.32,75.93,98,2022,01
"roi-et","2022-02",23.46,2.05,79.89,91,2022,02
"roi-et","2022-03",27.61,3.49,74.88,94,2022,03
"roi-et","2022-04",27.48,2.37,75.07,92,2022,04
"roi-et","2022-05",27.14,7.54,81.10,85,2022,05
"roi-et","2022-06",29.13,4.81,75.08,89,2022,06
"roi-et","2022-07",28.03,11.10,81.03,83,2022,07
"roi-et","2022-08",27.52,9.97,83.13,82,2022,08
"roi-et","2022-09",26.42,13.97,86.36,79,2022,09
"roi-et","2022-10",25.32,5.23,78.01,92,2022,10
"roi-et","2022-11",26.42,3.33,77.14,93,2022,11
"roi-et","2022-12",23.18,0.00,77.22,99,2022,12
"roi-et","2023-01",22.28,0.60,79.90,95,2023,01
"roi-et","2023-02",26.15,2.07,74.38,96,2023,02
"roi-et","2023-03",28.31,0.14,69.94,97,2023,03
"roi-et","2023-04",31.30,1.21,68.07,90,2023,04
"roi-et","2023-05",29.98,5.22,73.30,88,2023,05
"roi-et","2023-06",29.09,6.02,77.00,86,2023,06
"roi-et","2023-07",28.72,8.94,79.88,82,2023,07
"roi-et","2023-08",28.41,6.94,78.95,86,2023,08
"roi-et","2023-09",27.12,14.80,84.12,79,2023,09
"roi-et","2023-10",27.11,6.75,79.94,87,2023,10
"roi-et","2023-11",26.45,0.51,73.77,98,2023,11
"roi-et","2023-12",25.23,0.07,74.36,98,2023,12
"roi-et","2024-01",25.15,0.02,74.34,99,2024,01
"roi-et","2024-02",27.78,0.08,70.57,98,2024,02
"roi-et","2024-03",28.62,2.75,73.25,93,2024,03
"roi-et","2024-04",32.82,0.25,63.52,92,2024,04
"roi-et","2024-05",30.39,6.06,74.92,83,2024,05
"roi-et","2024-06",29.52,5.03,75.19,86,2024,06
"roi-et","2024-07",28.18,9.51,81.62,83,2024,07
"roi-et","2024-08",28.33,5.39,78.83,88,2024,08
"roi-et","2024-09",27.54,11.95,82.02,82,2024,09
"roi-et","2024-10",26.89,2.44,76.73,93,2024,10
"roi-et","2024-11",26.35,0.37,73.60,98,2024,11
"roi-et","2024-12",23.77,0.02,76.40,100,2024,12
"roi-et","2025-01",22.05,0.00,78.92,98,2025,01
"roi-et","2025-02",25.39,0.26,74.47,99,2025,02
"roi-et","2025-03",27.53,0.73,72.68,95,2025,03
"roi-et","2025-04",29.44,1.86,71.35,91,2025,04
"roi-et","2025-05",28.89,7.43,77.79,87,2025,05
"roi-et","2025-06",28.92,5.25,78.13,88,2025,06
"roi-et","2025-07",28.47,5.97,78.44,88,2025,07
"roi-et","2025-08",28.12,7.94,79.27,86,2025,08
"roi-et","2025-09",27.27,11.76,83.70,82,2025,09
"roi-et","2025-10",27.13,4.25,77.95,90,2025,10
"roi-et","2025-11",24.58,3.61,78.62,93,2025,11
"loei","2020-01",24.62,0.00,75.06,100,2020,01
"loei","2020-02",24.59,0.05,75.27,99,2020,02
"loei","2020-03",27.97,2.59,73.96,94,2020,03
"loei","2020-04",28.40,2.54,73.62,93,2020,04
"loei","2020-05",30.94,2.05,70.53,85,2020,05
"loei","2020-06",29.04,4.23,76.06,90,2020,06
"loei","2020-07",29.45,3.44,73.97,89,2020,07
"loei","2020-08",27.25,9.45,80.17,86,2020,08
"loei","2020-09",27.43,6.41,81.11,86,2020,09
"loei","2020-10",24.80,9.43,83.52,85,2020,10
"loei","2020-11",24.33,0.11,75.83,98,2020,11
"loei","2020-12",21.96,0.03,79.14,96,2020,12
"loei","2021-01",20.68,0.00,80.99,94,2021,01
"loei","2021-02",24.23,0.44,76.02,99,2021,02
"loei","2021-03",27.47,0.82,73.11,95,2021,03
"loei","2021-04",27.26,9.10,80.07,86,2021,04
"loei","2021-05",28.56,4.31,76.25,89,2021,05
"loei","2021-06",28.46,3.84,74.55,92,2021,06
"loei","2021-07",27.82,5.47,77.39,88,2021,07
"loei","2021-08",28.12,3.51,76.36,91,2021,08
"loei","2021-09",26.26,15.87,85.41,79,2021,09
"loei","2021-10",25.63,5.01,80.56,90,2021,10
"loei","2021-11",24.83,0.41,75.80,98,2021,11
"loei","2021-12",21.76,0.09,79.63,96,2021,12
"loei","2022-01",23.28,0.41,77.67,99,2022,01
"loei","2022-02",22.74,3.34,81.19,89,2022,02
"loei","2022-03",27.32,3.40,76.63,92,2022,03
"loei","2022-04",27.74,2.75,74.41,92,2022,04
"loei","2022-05",27.04,7.49,80.92,87,2022,05
"loei","2022-06",29.32,2.89,73.19,92,2022,06
"loei","2022-07",27.85,10.17,81.36,83,2022,07
"loei","2022-08",27.03,7.05,82.18,86,2022,08
"loei","2022-09",26.08,14.22,85.47,80,2022,09
"loei","2022-10",24.98,3.83,79.34,93,2022,10
"loei","2022-11",25.08,2.80,78.40,94,2022,11
"loei","2022-12",21.33,0.20,80.53,93,2022,12
"loei","2023-01",20.83,0.04,80.88,93,2023,01
"loei","2023-02",24.71,0.11,75.28,98,2023,02
"loei","2023-03",27.37,0.04,71.07,99,2023,03
"loei","2023-04",30.34,1.24,68.52,93,2023,04
"loei","2023-05",29.58,4.03,73.84,89,2023,05
"loei","2023-06",28.59,5.59,78.75,86,2023,06
"loei","2023-07",28.63,4.77,77.24,89,2023,07
"loei","2023-08",27.66,4.94,80.23,87,2023,08
"loei","2023-09",26.88,12.59,82.90,82,2023,09
"loei","2023-10",26.21,8.80,82.59,85,2023,10
"loei","2023-11",24.59,0.77,77.01,97,2023,11
"loei","2023-12",23.29,0.11,77.39,96,2023,12
"loei","2024-01",23.04,0.71,78.84,95,2024,01
"loei","2024-02",25.61,0.11,73.93,99,2024,02
"loei","2024-03",28.04,2.35,72.51,95,2024,03
"loei","2024-04",31.41,1.87,66.09,91,2024,04
"loei","2024-05",29.32,6.68,76.86,85,2024,05
"loei","2024-06",28.66,6.01,76.97,87,2024,06
"loei","2024-07",27.52,7.18,82.30,85,2024,07
"loei","2024-08",27.37,6.50,80.94,87,2024,08
"loei","2024-09",27.13,10.57,82.39,83,2024,09
"loei","2024-10",26.42,4.27,77.92,90,2024,10
"loei","2024-11",24.82,0.44,76.07,98,2024,11
"loei","2024-12",22.00,0.00,79.01,95,2024,12
"loei","2025-01",19.88,0.00,82.19,91,2025,01
"loei","2025-02",24.08,1.22,77.03,96,2025,02
"loei","2025-03",26.50,0.48,73.66,98,2025,03
"loei","2025-04",27.97,2.53,74.25,94,2025,04
"loei","2025-05",27.67,6.78,78.12,87,2025,05
"loei","2025-06",27.97,5.60,78.96,89,2025,06
"loei","2025-07",27.35,6.66,80.07,87,2025,07
"loei","2025-08",27.11,8.05,79.44,86,2025,08
"loei","2025-09",26.40,9.44,85.80,81,2025,09
"loei","2025-10",26.22,4.49,79.14,90,2025,10
"loei","2025-11",23.14,4.35,81.77,90,2025,11
"buri-ram","2020-01",25.90,0.05,73.30,99,2020,01
"buri-ram","2020-02",26.26,0.06,72.80,99,2020,02
"buri-ram","2020-03",29.86,0.98,69.79,93,2020,03
"buri-ram","2020-04",29.70,2.88,73.18,89,2020,04
"buri-ram","2020-05",30.99,1.97,69.75,85,2020,05
"buri-ram","2020-06",29.61,3.74,75.37,85,2020,06
"buri-ram","2020-07",29.04,6.40,78.02,87,2020,07
"buri-ram","2020-08",28.07,7.47,80.26,85,2020,08
"buri-ram","2020-09",27.73,16.51,82.14,83,2020,09
"buri-ram","2020-10",24.78,13.44,85.16,82,2020,10
"buri-ram","2020-11",25.30,0.60,75.24,98,2020,11
"buri-ram","2020-12",23.69,0.30,77.31,97,2020,12
"buri-ram","2021-01",22.31,0.00,78.53,95,2021,01
"buri-ram","2021-02",25.18,0.17,74.74,99,2021,02
"buri-ram","2021-03",29.16,0.95,70.47,95,2021,03
"buri-ram","2021-04",28.85,4.12,76.96,88,2021,04
"buri-ram","2021-05",29.66,4.03,74.72,86,2021,05
"buri-ram","2021-06",30.00,1.66,71.52,89,2021,06
"buri-ram","2021-07",28.53,7.86,78.07,87,2021,07
"buri-ram","2021-08",28.57,5.68,78.98,85,2021,08
"buri-ram","2021-09",26.72,12.74,84.74,81,2021,09
"buri-ram","2021-10",26.05,9.18,82.44,85,2021,10
"buri-ram","2021-11",25.61,1.19,76.11,95,2021,11
"buri-ram","2021-12",23.60,0.17,77.10,98,2021,12
"buri-ram","2022-01",24.84,0.22,75.39,98,2022,01
"buri-ram","2022-02",24.83,3.19,78.51,92,2022,02
"buri-ram","2022-03",27.97,3.57,74.94,92,2022,03
"buri-ram","2022-04",27.21,2.82,74.76,92,2022,04
"buri-ram","2022-05",27.25,7.87,82.35,84,2022,05
"buri-ram","2022-06",29.04,2.93,74.35,93,2022,06
"buri-ram","2022-07",27.97,8.18,80.48,85,2022,07
"buri-ram","2022-08",27.55,6.72,81.29,86,2022,08
"buri-ram","2022-09",26.39,18.06,85.92,77,2022,09
"buri-ram","2022-10",25.41,5.02,79.34,91,2022,10
"buri-ram","2022-11",26.15,3.30,78.39,92,2022,11
"buri-ram","2022-12",23.05,0.03,77.51,98,2022,12
"buri-ram","2023-01",22.17,1.17,79.72,95,2023,01
"buri-ram","2023-02",26.46,1.03,73.75,97,2023,02
"buri-ram","2023-03",28.14,0.35,70.40,98,2023,03
"buri-ram","2023-04",31.02,2.07,69.66,87,2023,04
"buri-ram","2023-05",29.61,6.64,76.00,86,2023,05
"buri-ram","2023-06",29.18,6.81,77.22,86,2023,06
"buri-ram","2023-07",28.60,7.22,78.75,86,2023,07
"buri-ram","2023-08",28.81,3.48,76.93,89,2023,08
"buri-ram","2023-09",27.10,11.45,84.27,82,2023,09
"buri-ram","2023-10",26.91,8.08,80.78,86,2023,10
"buri-ram","2023-11",26.00,0.44,74.33,98,2023,11
"buri-ram","2023-12",25.05,0.24,75.12,97,2023,12
"buri-ram","2024-01",25.16,0.08,74.50,99,2024,01
"buri-ram","2024-02",28.16,0.18,70.32,99,2024,02
"buri-ram","2024-03",29.17,2.80,72.50,91,2024,03
"buri-ram","2024-04",32.82,0.24,63.49,92,2024,04
"buri-ram","2024-05",30.85,4.27,73.29,84,2024,05
"buri-ram","2024-06",30.28,6.50,74.73,82,2024,06
"buri-ram","2024-07",28.26,7.41,81.13,84,2024,07
"buri-ram","2024-08",28.73,4.20,76.86,91,2024,08
"buri-ram","2024-09",27.77,8.60,82.11,84,2024,09
"buri-ram","2024-10",26.85,4.51,77.50,91,2024,10
"buri-ram","2024-11",26.47,0.63,73.72,98,2024,11
"buri-ram","2024-12",23.91,0.01,76.15,100,2024,12
"buri-ram","2025-01",22.23,0.00,78.66,98,2025,01
"buri-ram","2025-02",26.02,0.08,73.19,99,2025,02
"buri-ram","2025-03",28.17,1.10,71.85,95,2025,03
"buri-ram","2025-04",29.73,2.19,71.79,90,2025,04
"buri-ram","2025-05",28.82,7.39,79.35,84,2025,05
"buri-ram","2025-06",28.71,3.45,76.32,92,2025,06
"buri-ram","2025-07",28.39,4.87,78.39,89,2025,07
"buri-ram","2025-08",28.18,4.71,78.46,88,2025,08
"buri-ram","2025-09",27.10,10.35,84.73,81,2025,09
"buri-ram","2025-10",26.97,4.14,78.85,89,2025,10
"buri-ram","2025-11",24.50,3.34,79.48,92,2025,11
"nakhon-ratchasima","2020-01",27.17,0.05,71.39,99,2020,01
"nakhon-ratchasima","2020-02",27.13,0.04,71.44,99,2020,02
"nakhon-ratchasima","2020-03",30.38,1.02,69.05,91,2020,03
"nakhon-ratchasima","2020-04",30.09,3.34,72.78,87,2020,04
"nakhon-ratchasima","2020-05",30.51,3.18,72.20,85,2020,05
"nakhon-ratchasima","2020-06",29.23,3.69,74.82,89,2020,06
"nakhon-ratchasima","2020-07",28.82,5.05,78.22,87,2020,07
"nakhon-ratchasima","2020-08",28.26,4.72,78.25,90,2020,08
"nakhon-ratchasima","2020-09",27.48,14.64,82.98,82,2020,09
"nakhon-ratchasima","2020-10",24.50,12.55,84.87,83,2020,10
"nakhon-ratchasima","2020-11",24.79,0.60,76.06,98,2020,11
"nakhon-ratchasima","2020-12",23.34,0.21,77.63,96,2020,12
"nakhon-ratchasima","2021-01",21.97,0.01,79.06,95,2021,01
"nakhon-ratchasima","2021-02",25.08,0.19,74.94,99,2021,02
"nakhon-ratchasima","2021-03",28.50,1.32,72.04,95,2021,03
"nakhon-ratchasima","2021-04",28.00,4.57,78.43,88,2021,04
"nakhon-ratchasima","2021-05",29.07,2.95,74.58,91,2021,05
"nakhon-ratchasima","2021-06",29.97,1.41,71.23,89,2021,06
"nakhon-ratchasima","2021-07",28.22,6.69,78.02,87,2021,07
"nakhon-ratchasima","2021-08",28.28,6.42,78.15,89,2021,08
"nakhon-ratchasima","2021-09",26.39,12.59,85.75,80,2021,09
"nakhon-ratchasima","2021-10",25.84,7.69,82.99,86,2021,10
"nakhon-ratchasima","2021-11",25.20,1.28,76.88,95,2021,11
"nakhon-ratchasima","2021-12",23.04,0.43,78.66,97,2021,12
"nakhon-ratchasima","2022-01",24.52,0.48,76.34,98,2022,01
"nakhon-ratchasima","2022-02",25.14,2.72,78.72,93,2022,02
"nakhon-ratchasima","2022-03",28.20,3.59,74.12,92,2022,03
"nakhon-ratchasima","2022-04",28.04,3.64,73.84,90,2022,04
"nakhon-ratchasima","2022-05",27.46,6.32,80.75,87,2022,05
"nakhon-ratchasima","2022-06",29.20,3.37,74.76,91,2022,06
"nakhon-ratchasima","2022-07",28.35,7.53,79.47,85,2022,07
"nakhon-ratchasima","2022-08",27.79,5.69,79.28,88,2022,08
"nakhon-ratchasima","2022-09",26.41,14.45,85.81,79,2022,09
"nakhon-ratchasima","2022-10",25.04,4.79,79.86,91,2022,10
"nakhon-ratchasima","2022-11",25.53,4.72,79.75,91,2022,11
"nakhon-ratchasima","2022-12",22.36,0.30,79.26,96,2022,12
"nakhon-ratchasima","2023-01",22.15,0.41,79.57,96,2023,01
"nakhon-ratchasima","2023-02",25.87,0.89,74.70,98,2023,02
"nakhon-ratchasima","2023-03",28.11,0.19,70.42,97,2023,03
"nakhon-ratchasima","2023-04",31.13,1.02,68.36,90,2023,04
"nakhon-ratchasima","2023-05",29.91,4.21,74.52,88,2023,05
"nakhon-ratchasima","2023-06",29.57,5.13,75.63,87,2023,06
"nakhon-ratchasima","2023-07",29.02,4.95,78.02,87,2023,07
"nakhon-ratchasima","2023-08",29.84,4.07,74.62,85,2023,08
"nakhon-ratchasima","2023-09",27.48,9.68,83.23,83,2023,09
"nakhon-ratchasima","2023-10",26.90,7.13,80.48,86,2023,10
"nakhon-ratchasima","2023-11",25.67,0.66,75.47,97,2023,11
"nakhon-ratchasima","2023-12",25.04,0.17,74.94,97,2023,12
"nakhon-ratchasima","2024-01",25.34,0.11,74.33,98,2024,01
"nakhon-ratchasima","2024-02",28.37,0.18,70.00,98,2024,02
"nakhon-ratchasima","2024-03",29.54,2.84,72.44,92,2024,03
"nakhon-ratchasima","2024-04",33.35,0.21,62.60,89,2024,04
"nakhon-ratchasima","2024-05",30.88,6.04,73.87,81,2024,05
"nakhon-ratchasima","2024-06",30.72,4.87,73.97,82,2024,06
"nakhon-ratchasima","2024-07",28.24,6.87,80.37,85,2024,07
"nakhon-ratchasima","2024-08",28.97,4.90,77.15,86,2024,08
"nakhon-ratchasima","2024-09",27.84,7.77,81.27,85,2024,09
"nakhon-ratchasima","2024-10",26.77,6.18,78.07,89,2024,10
"nakhon-ratchasima","2024-11",26.33,0.94,74.56,96,2024,11
"nakhon-ratchasima","2024-12",23.62,0.13,76.94,99,2024,12
"nakhon-ratchasima","2025-01",22.26,0.00,78.61,98,2025,01
"nakhon-ratchasima","2025-02",26.35,0.21,73.11,99,2025,02
"nakhon-ratchasima","2025-03",28.21,2.22,72.50,93,2025,03
"nakhon-ratchasima","2025-04",29.79,3.24,72.86,88,2025,04
"nakhon-ratchasima","2025-05",28.95,5.08,77.57,88,2025,05
"nakhon-ratchasima","2025-06",29.23,3.44,74.74,89,2025,06
"nakhon-ratchasima","2025-07",28.93,4.32,76.59,88,2025,07
"nakhon-ratchasima","2025-08",28.83,5.55,76.57,88,2025,08
"nakhon-ratchasima","2025-09",27.32,8.78,83.45,83,2025,09
"nakhon-ratchasima","2025-10",26.96,5.09,78.87,90,2025,10
"nakhon-ratchasima","2025-11",24.15,4.19,80.67,91,2025,11
"phuket","2020-01",28.00,0.18,70.53,98,2020,01
"phuket","2020-02",28.52,0.74,71.43,97,2020,02
"phuket","2020-03",29.58,0.43,68.91,98,2020,03
"phuket","2020-04",28.91,4.98,75.74,88,2020,04
"phuket","2020-05",28.09,7.19,78.94,87,2020,05
"phuket","2020-06",27.28,6.65,81.65,85,2020,06
"phuket","2020-07",27.17,6.99,81.37,87,2020,07
"phuket","2020-08",27.75,3.70,77.50,90,2020,08
"phuket","2020-09",26.76,10.92,84.65,81,2020,09
"phuket","2020-10",26.13,12.69,85.25,80,2020,10
"phuket","2020-11",26.66,7.81,83.65,84,2020,11
"phuket","2020-12",26.42,5.09,79.38,89,2020,12
"phuket","2021-01",26.71,1.14,75.28,95,2021,01
"phuket","2021-02",27.83,0.24,70.98,98,2021,02
"phuket","2021-03",28.96,1.63,71.55,97,2021,03
"phuket","2021-04",27.68,4.21,79.21,89,2021,04
"phuket","2021-05",27.99,5.33,79.97,88,2021,05
"phuket","2021-06",27.52,4.06,79.40,89,2021,06
"phuket","2021-07",27.51,5.00,77.56,90,2021,07
"phuket","2021-08",27.04,6.05,81.49,86,2021,08
"phuket","2021-09",26.75,5.36,79.85,88,2021,09
"phuket","2021-10",26.86,6.19,82.28,86,2021,10
"phuket","2021-11",25.97,12.18,85.98,79,2021,11
"phuket","2021-12",26.56,2.86,77.12,93,2021,12
"phuket","2022-01",27.25,0.82,73.08,96,2022,01
"phuket","2022-02",27.36,5.24,79.35,88,2022,02
"phuket","2022-03",27.42,5.65,79.53,89,2022,03
"phuket","2022-04",27.52,5.41,79.70,89,2022,04
"phuket","2022-05",27.31,9.46,82.24,84,2022,05
"phuket","2022-06",26.82,8.75,84.01,83,2022,06
"phuket","2022-07",27.09,6.91,82.21,84,2022,07
"phuket","2022-08",26.92,7.08,81.25,86,2022,08
"phuket","2022-09",26.79,7.17,80.45,87,2022,09
"phuket","2022-10",25.98,13.79,86.56,79,2022,10
"phuket","2022-11",26.07,11.98,85.18,79,2022,11
"phuket","2022-12",25.95,6.40,80.39,88,2022,12
"phuket","2023-01",26.70,2.37,76.36,93,2023,01
"phuket","2023-02",27.60,0.99,73.48,95,2023,02
"phuket","2023-03",28.39,1.46,72.40,96,2023,03
"phuket","2023-04",29.44,1.41,71.68,94,2023,04
"phuket","2023-05",28.32,5.12,78.60,88,2023,05
"phuket","2023-06",27.92,5.14,77.35,90,2023,06
"phuket","2023-07",27.32,7.89,80.47,86,2023,07
"phuket","2023-08",27.27,8.10,80.23,86,2023,08
"phuket","2023-09",26.83,10.46,81.22,84,2023,09
"phuket","2023-10",26.94,8.60,83.67,83,2023,10
"phuket","2023-11",26.85,10.05,82.32,85,2023,11
"phuket","2023-12",27.20,3.65,78.33,90,2023,12
"phuket","2024-01",27.95,1.27,73.47,94,2024,01
"phuket","2024-02",29.31,0.73,70.08,97,2024,02
"phuket","2024-03",29.89,2.40,70.38,91,2024,03
"phuket","2024-04",30.03,2.64,72.05,91,2024,04
"phuket","2024-05",29.25,6.95,77.77,86,2024,05
"phuket","2024-06",28.23,7.41,76.62,90,2024,06
"phuket","2024-07",27.43,6.28,80.35,88,2024,07
"phuket","2024-08",27.10,8.15,81.99,84,2024,08
"phuket","2024-09",26.68,11.37,83.34,82,2024,09
"phuket","2024-10",26.83,8.13,81.77,85,2024,10
"phuket","2024-11",27.22,7.14,82.98,84,2024,11
"phuket","2024-12",27.28,4.87,78.62,89,2024,12
"phuket","2025-01",28.01,1.36,73.53,95,2025,01
"phuket","2025-02",28.57,1.62,72.17,96,2025,02
"phuket","2025-03",29.11,3.76,75.52,91,2025,03
"phuket","2025-04",27.96,8.14,81.42,85,2025,04
"phuket","2025-05",27.74,10.13,82.36,83,2025,05
"phuket","2025-06",27.77,7.37,78.73,87,2025,06
"phuket","2025-07",28.36,3.44,74.96,93,2025,07
"phuket","2025-08",27.75,5.92,78.91,88,2025,08
"phuket","2025-09",27.08,7.62,81.58,85,2025,09
"phuket","2025-10",27.08,10.97,82.50,84,2025,10
"phuket","2025-11",26.52,8.77,81.11,86,2025,11
"songkhla","2020-01",27.09,0.70,73.46,96,2020,01
"songkhla","2020-02",27.13,1.49,75.15,94,2020,02
"songkhla","2020-03",28.10,0.41,71.07,98,2020,03
"songkhla","2020-04",28.53,5.94,75.66,91,2020,04
"songkhla","2020-05",28.53,4.44,78.16,89,2020,05
"songkhla","2020-06",28.04,7.33,81.95,84,2020,06
"songkhla","2020-07",27.77,8.10,82.03,84,2020,07
"songkhla","2020-08",28.30,4.24,78.13,90,2020,08
"songkhla","2020-09",27.68,7.63,81.59,85,2020,09
"songkhla","2020-10",27.11,7.95,83.28,84,2020,10
"songkhla","2020-11",26.41,13.09,86.51,79,2020,11
"songkhla","2020-12",26.09,15.30,82.81,84,2020,12
"songkhla","2021-01",25.77,3.64,80.04,90,2021,01
"songkhla","2021-02",26.44,0.19,72.91,98,2021,02
"songkhla","2021-03",27.37,2.65,74.65,93,2021,03
"songkhla","2021-04",27.93,5.35,80.34,87,2021,04
"songkhla","2021-05",28.19,6.22,79.65,87,2021,05
"songkhla","2021-06",28.59,4.15,76.56,89,2021,06
"songkhla","2021-07",28.59,3.47,74.96,92,2021,07
"songkhla","2021-08",28.18,5.48,79.26,87,2021,08
"songkhla","2021-09",27.77,4.43,78.29,88,2021,09
"songkhla","2021-10",27.64,6.27,80.27,86,2021,10
"songkhla","2021-11",26.03,23.98,86.82,77,2021,11
"songkhla","2021-12",26.19,5.55,81.01,87,2021,12
"songkhla","2022-01",26.57,1.07,74.63,96,2022,01
"songkhla","2022-02",26.74,7.81,78.83,88,2022,02
"songkhla","2022-03",27.36,5.05,77.78,89,2022,03
"songkhla","2022-04",27.69,6.08,78.95,88,2022,04
"songkhla","2022-05",28.35,6.30,78.64,88,2022,05
"songkhla","2022-06",27.73,7.06,83.04,84,2022,06
"songkhla","2022-07",28.03,4.21,78.19,90,2022,07
"songkhla","2022-08",27.89,5.02,78.25,89,2022,08
"songkhla","2022-09",27.93,4.18,78.64,89,2022,09
"songkhla","2022-10",26.63,11.48,85.50,79,2022,10
"songkhla","2022-11",26.38,13.48,84.94,80,2022,11
"songkhla","2022-12",25.74,18.90,83.27,83,2022,12
"songkhla","2023-01",25.86,5.78,82.15,87,2023,01
"songkhla","2023-02",26.49,1.82,75.96,93,2023,02
"songkhla","2023-03",27.02,0.90,72.99,96,2023,03
"songkhla","2023-04",28.92,2.57,74.08,95,2023,04
"songkhla","2023-05",29.19,4.98,77.53,88,2023,05
"songkhla","2023-06",29.00,4.44,76.35,90,2023,06
"songkhla","2023-07",29.29,4.49,74.33,89,2023,07
"songkhla","2023-08",29.08,3.16,76.12,91,2023,08
"songkhla","2023-09",28.09,7.46,80.86,85,2023,09
"songkhla","2023-10",27.58,11.04,84.02,81,2023,10
"songkhla","2023-11",26.51,15.17,86.20,78,2023,11
"songkhla","2023-12",26.85,7.48,81.43,86,2023,12
"songkhla","2024-01",27.18,2.16,76.43,92,2024,01
"songkhla","2024-02",28.46,0.68,71.11,97,2024,02
"songkhla","2024-03",29.20,0.86,70.61,96,2024,03
"songkhla","2024-04",30.09,1.35,70.59,89,2024,04
"songkhla","2024-05",29.76,7.03,76.39,83,2024,05
"songkhla","2024-06",29.28,5.16,74.72,87,2024,06
"songkhla","2024-07",28.77,5.64,76.33,87,2024,07
"songkhla","2024-08",27.75,8.69,81.95,84,2024,08
"songkhla","2024-09",28.00,5.74,80.16,87,2024,09
"songkhla","2024-10",27.64,8.40,81.97,84,2024,10
"songkhla","2024-11",26.73,18.12,84.49,79,2024,11
"songkhla","2024-12",26.61,10.50,81.47,85,2024,12
"songkhla","2025-01",26.49,3.67,78.40,91,2025,01
"songkhla","2025-02",26.83,2.78,74.47,94,2025,02
"songkhla","2025-03",28.01,1.45,73.63,95,2025,03
"songkhla","2025-04",27.99,6.75,79.14,88,2025,04
"songkhla","2025-05",28.32,8.32,80.26,86,2025,05
"songkhla","2025-06",29.47,2.39,73.78,91,2025,06
"songkhla","2025-07",30.56,1.55,70.16,89,2025,07
"songkhla","2025-08",28.95,5.06,76.28,90,2025,08
"songkhla","2025-09",28.56,5.10,77.33,89,2025,09
"songkhla","2025-10",27.43,10.18,83.82,81,2025,10
"songkhla","2025-11",26.92,24.26,82.53,82,2025,11
"krabi","2020-01",28.04,0.56,71.61,98,2020,01
"krabi","2020-02",28.38,1.75,72.21,96,2020,02
"krabi","2020-03",29.30,0.92,70.49,97,2020,03
"krabi","2020-04",28.89,6.06,78.28,87,2020,04
"krabi","2020-05",28.29,7.14,80.22,86,2020,05
"krabi","2020-06",27.21,6.39,81.56,86,2020,06
"krabi","2020-07",27.16,6.10,80.81,86,2020,07
"krabi","2020-08",27.61,4.26,78.05,90,2020,08
"krabi","2020-09",26.74,9.51,83.55,82,2020,09
"krabi","2020-10",26.22,11.71,85.17,80,2020,10
"krabi","2020-11",26.63,7.57,84.53,84,2020,11
"krabi","2020-12",26.13,6.76,80.70,88,2020,12
"krabi","2021-01",26.55,1.16,75.31,95,2021,01
"krabi","2021-02",27.99,0.71,72.15,98,2021,02
"krabi","2021-03",28.99,1.44,71.58,95,2021,03
"krabi","2021-04",27.60,6.23,82.50,85,2021,04
"krabi","2021-05",27.90,7.78,82.57,84,2021,05
"krabi","2021-06",27.60,4.30,79.49,88,2021,06
"krabi","2021-07",27.51,5.90,77.96,89,2021,07
"krabi","2021-08",27.09,7.17,82.81,85,2021,08
"krabi","2021-09",26.78,7.53,80.65,86,2021,09
"krabi","2021-10",26.90,6.87,82.78,85,2021,10
"krabi","2021-11",25.86,13.11,86.54,78,2021,11
"krabi","2021-12",26.28,3.29,77.72,92,2021,12
"krabi","2022-01",27.67,0.75,72.73,96,2022,01
"krabi","2022-02",27.54,5.82,80.56,87,2022,02
"krabi","2022-03",27.71,6.39,79.94,86,2022,03
"krabi","2022-04",27.54,7.34,81.86,85,2022,04
"krabi","2022-05",27.64,7.11,81.49,84,2022,05
"krabi","2022-06",26.80,7.34,83.73,84,2022,06
"krabi","2022-07",27.09,7.66,83.17,83,2022,07
"krabi","2022-08",27.10,5.77,80.58,87,2022,08
"krabi","2022-09",26.92,6.90,80.57,87,2022,09
"krabi","2022-10",25.91,14.88,86.10,80,2022,10
"krabi","2022-11",26.19,8.43,83.85,83,2022,11
"krabi","2022-12",25.67,5.75,80.28,89,2022,12
"krabi","2023-01",26.52,3.75,78.13,90,2023,01
"krabi","2023-02",27.78,2.61,75.53,93,2023,02
"krabi","2023-03",28.58,2.21,72.93,95,2023,03
"krabi","2023-04",29.23,3.60,74.79,90,2023,04
"krabi","2023-05",28.52,6.78,80.38,85,2023,05
"krabi","2023-06",27.96,5.12,77.84,89,2023,06
"krabi","2023-07",27.45,8.61,79.99,86,2023,07
"krabi","2023-08",27.44,7.22,80.32,86,2023,08
"krabi","2023-09",26.90,10.64,82.14,83,2023,09
"krabi","2023-10",27.05,8.33,83.85,83,2023,10
"krabi","2023-11",26.62,11.12,84.79,81,2023,11
"krabi","2023-12",27.35,4.58,78.80,89,2023,12
"krabi","2024-01",28.57,2.61,73.51,94,2024,01
"krabi","2024-02",29.66,0.99,70.07,95,2024,02
"krabi","2024-03",30.06,1.84,71.02,91,2024,03
"krabi","2024-04",30.02,3.42,73.24,90,2024,04
"krabi","2024-05",29.26,9.74,78.87,83,2024,05
"krabi","2024-06",28.46,6.89,77.39,87,2024,06
"krabi","2024-07",27.60,7.12,80.39,86,2024,07
"krabi","2024-08",27.35,9.43,82.77,83,2024,08
"krabi","2024-09",26.93,13.12,84.36,79,2024,09
"krabi","2024-10",27.01,8.24,82.28,86,2024,10
"krabi","2024-11",26.73,11.56,84.21,80,2024,11
"krabi","2024-12",26.79,6.08,80.11,89,2024,12
"krabi","2025-01",27.55,0.81,73.11,96,2025,01
"krabi","2025-02",28.29,2.36,73.13,95,2025,02
"krabi","2025-03",28.99,3.41,74.78,91,2025,03
"krabi","2025-04",27.92,8.27,81.72,84,2025,04
"krabi","2025-05",27.75,9.98,82.84,82,2025,05
"krabi","2025-06",27.76,7.15,79.14,87,2025,06
"krabi","2025-07",28.44,4.56,75.83,91,2025,07
"krabi","2025-08",27.37,6.91,79.80,87,2025,08
"krabi","2025-09",27.13,8.35,80.97,85,2025,09
"krabi","2025-10",27.32,5.96,80.75,87,2025,10
"krabi","2025-11",26.55,8.30,80.57,88,2025,11
"surat-thani","2020-01",27.08,0.39,72.55,97,2020,01
"surat-thani","2020-02",27.54,0.80,73.09,96,2020,02
"surat-thani","2020-03",29.38,0.22,68.58,96,2020,03
"surat-thani","2020-04",29.55,4.12,72.98,87,2020,04
"surat-thani","2020-05",29.31,5.04,76.82,87,2020,05
"surat-thani","2020-06",27.77,6.30,80.90,87,2020,06
"surat-thani","2020-07",27.64,9.55,82.01,84,2020,07
"surat-thani","2020-08",28.00,4.78,79.10,89,2020,08
"surat-thani","2020-09",27.24,10.57,82.87,83,2020,09
"surat-thani","2020-10",26.09,12.25,87.24,80,2020,10
"surat-thani","2020-11",26.21,7.27,83.06,87,2020,11
"surat-thani","2020-12",25.36,6.41,82.54,87,2020,12
"surat-thani","2021-01",25.07,1.63,78.31,93,2021,01
"surat-thani","2021-02",26.74,0.30,72.80,98,2021,02
"surat-thani","2021-03",28.46,3.57,71.79,95,2021,03
"surat-thani","2021-04",27.84,7.38,82.77,83,2021,04
"surat-thani","2021-05",28.08,5.62,79.87,88,2021,05
"surat-thani","2021-06",28.85,2.60,75.43,93,2021,06
"surat-thani","2021-07",28.30,4.65,76.46,90,2021,07
"surat-thani","2021-08",27.74,6.86,81.68,85,2021,08
"surat-thani","2021-09",27.06,5.58,80.14,87,2021,09
"surat-thani","2021-10",26.66,9.24,84.58,81,2021,10
"surat-thani","2021-11",25.57,19.28,86.59,78,2021,11
"surat-thani","2021-12",25.52,3.51,78.39,92,2021,12
"surat-thani","2022-01",26.49,0.75,74.50,96,2022,01
"surat-thani","2022-02",26.83,5.93,80.03,88,2022,02
"surat-thani","2022-03",27.87,4.40,77.65,90,2022,03
"surat-thani","2022-04",27.45,7.75,80.34,87,2022,04
"surat-thani","2022-05",27.57,8.60,82.26,83,2022,05
"surat-thani","2022-06",27.26,9.28,84.49,81,2022,06
"surat-thani","2022-07",26.83,10.35,84.98,81,2022,07
"surat-thani","2022-08",27.15,5.64,80.31,88,2022,08
"surat-thani","2022-09",26.78,7.69,82.74,84,2022,09
"surat-thani","2022-10",25.82,11.94,84.87,81,2022,10
"surat-thani","2022-11",25.74,10.54,84.75,82,2022,11
"surat-thani","2022-12",25.03,5.67,81.90,89,2022,12
"surat-thani","2023-01",25.39,2.81,79.05,91,2023,01
"surat-thani","2023-02",26.57,1.28,75.64,94,2023,02
"surat-thani","2023-03",28.05,0.90,71.42,97,2023,03
"surat-thani","2023-04",29.94,1.94,72.40,89,2023,04
"surat-thani","2023-05",29.74,5.90,77.01,83,2023,05
"surat-thani","2023-06",28.42,3.07,76.12,92,2023,06
"surat-thani","2023-07",27.90,5.23,79.09,87,2023,07
"surat-thani","2023-08",28.76,4.00,76.08,90,2023,08
"surat-thani","2023-09",27.17,9.80,83.20,83,2023,09
"surat-thani","2023-10",27.09,11.35,84.54,80,2023,10
"surat-thani","2023-11",26.34,10.39,84.83,82,2023,11
"surat-thani","2023-12",26.62,3.82,80.01,89,2023,12
"surat-thani","2024-01",27.09,1.45,74.64,94,2024,01
"surat-thani","2024-02",28.44,0.55,71.00,98,2024,02
"surat-thani","2024-03",29.85,1.03,68.81,95,2024,03
"surat-thani","2024-04",31.27,1.08,67.21,89,2024,04
"surat-thani","2024-05",30.29,5.97,75.05,81,2024,05
"surat-thani","2024-06",29.59,5.45,75.77,85,2024,06
"surat-thani","2024-07",27.84,9.78,82.79,82,2024,07
"surat-thani","2024-08",27.41,11.23,83.50,82,2024,08
"surat-thani","2024-09",27.11,7.05,82.51,84,2024,09
"surat-thani","2024-10",26.90,11.72,83.35,81,2024,10
"surat-thani","2024-11",26.50,8.24,82.75,85,2024,11
"surat-thani","2024-12",26.20,6.61,80.36,88,2024,12
"surat-thani","2025-01",26.11,1.47,75.93,95,2025,01
"surat-thani","2025-02",27.16,1.59,74.22,96,2025,02
"surat-thani","2025-03",28.80,1.60,72.10,96,2025,03
"surat-thani","2025-04",28.57,6.00,78.29,87,2025,04
"surat-thani","2025-05",27.94,7.86,82.12,85,2025,05
"surat-thani","2025-06",28.10,5.13,79.38,88,2025,06
"surat-thani","2025-07",28.91,2.93,74.84,90,2025,07
"surat-thani","2025-08",28.13,3.59,78.34,87,2025,08
"surat-thani","2025-09",27.35,8.40,81.09,84,2025,09
"surat-thani","2025-10",26.89,8.35,83.29,84,2025,10
"surat-thani","2025-11",26.25,10.00,82.22,85,2025,11
"samui","2020-01",24.37,1.40,79.64,92,2020,01
"samui","2020-02",24.36,2.43,81.02,91,2020,02
"samui","2020-03",25.93,0.24,73.81,98,2020,03
"samui","2020-04",25.95,4.72,79.05,91,2020,04
"samui","2020-05",26.65,2.79,76.78,92,2020,05
"samui","2020-06",26.00,3.67,80.29,89,2020,06
"samui","2020-07",25.89,3.06,79.77,90,2020,07
"samui","2020-08",26.22,2.28,77.65,92,2020,08
"samui","2020-09",25.36,5.36,81.20,88,2020,09
"samui","2020-10",24.08,7.22,86.79,84,2020,10
"samui","2020-11",24.23,5.66,84.43,85,2020,11
"samui","2020-12",23.49,9.94,83.36,86,2020,12
"samui","2021-01",23.03,1.57,82.11,88,2021,01
"samui","2021-02",23.95,0.82,78.50,94,2021,02
"samui","2021-03",25.12,1.18,77.37,94,2021,03
"samui","2021-04",25.86,2.94,80.64,89,2021,04
"samui","2021-05",26.15,3.17,79.41,90,2021,05
"samui","2021-06",26.81,1.52,76.25,94,2021,06
"samui","2021-07",26.17,3.25,78.17,92,2021,07
"samui","2021-08",25.68,2.74,80.27,90,2021,08
"samui","2021-09",24.81,4.76,82.25,88,2021,09
"samui","2021-10",24.35,6.65,84.65,85,2021,10
"samui","2021-11",23.23,17.65,87.85,77,2021,11
"samui","2021-12",23.33,2.29,81.43,89,2021,12
"samui","2022-01",23.86,1.01,79.22,93,2022,01
"samui","2022-02",23.69,4.41,84.89,86,2022,02
"samui","2022-03",24.96,2.54,79.32,91,2022,03
"samui","2022-04",25.17,6.19,80.37,89,2022,04
"samui","2022-05",25.10,6.95,83.27,86,2022,05
"samui","2022-06",25.71,2.53,78.93,92,2022,06
"samui","2022-07",25.22,3.27,81.63,89,2022,07
"samui","2022-08",25.76,3.14,78.73,91,2022,08
"samui","2022-09",24.95,4.31,82.06,88,2022,09
"samui","2022-10",23.71,8.41,86.43,83,2022,10
"samui","2022-11",23.41,9.75,85.72,83,2022,11
"samui","2022-12",23.16,8.09,82.83,87,2022,12
"samui","2023-01",23.35,1.98,80.91,91,2023,01
"samui","2023-02",23.79,3.08,80.92,90,2023,02
"samui","2023-03",24.45,1.53,79.17,93,2023,03
"samui","2023-04",27.00,1.56,74.97,95,2023,04
"samui","2023-05",27.08,1.87,76.38,93,2023,05
"samui","2023-06",26.45,3.08,77.88,91,2023,06
"samui","2023-07",25.60,5.04,81.21,88,2023,07
"samui","2023-08",26.63,2.47,77.41,92,2023,08
"samui","2023-09",25.25,6.11,83.39,86,2023,09
"samui","2023-10",24.99,6.00,85.10,84,2023,10
"samui","2023-11",24.14,11.31,86.73,81,2023,11
"samui","2023-12",24.22,3.61,82.94,87,2023,12
"samui","2024-01",24.65,2.47,81.13,90,2024,01
"samui","2024-02",25.46,1.20,76.60,95,2024,02
"samui","2024-03",26.64,0.52,73.61,96,2024,03
"samui","2024-04",28.19,0.39,70.89,98,2024,04
"samui","2024-05",27.38,4.31,78.25,90,2024,05
"samui","2024-06",27.01,2.41,77.47,92,2024,06
"samui","2024-07",25.48,5.47,83.69,86,2024,07
"samui","2024-08",25.25,5.56,84.53,85,2024,08
"samui","2024-09",25.33,3.38,80.94,89,2024,09
"samui","2024-10",24.66,7.82,85.62,84,2024,10
"samui","2024-11",24.15,9.20,85.71,83,2024,11
"samui","2024-12",23.95,9.79,82.26,86,2024,12
"samui","2025-01",23.70,2.01,80.70,92,2025,01
"samui","2025-02",24.27,4.62,80.54,90,2025,02
"samui","2025-03",25.09,1.82,78.59,93,2025,03
"samui","2025-04",25.81,3.66,79.81,90,2025,04
"samui","2025-05",25.64,5.37,83.46,85,2025,05
"samui","2025-06",26.21,2.28,78.95,91,2025,06
"samui","2025-07",27.04,1.55,75.50,94,2025,07
"samui","2025-08",25.73,4.15,81.17,88,2025,08
"samui","2025-09",25.71,3.24,80.28,90,2025,09
"samui","2025-10",24.65,8.90,84.61,84,2025,10
"samui","2025-11",24.09,9.64,83.77,85,2025,11
"hat-yai","2020-01",27.08,0.26,72.17,97,2020,01
"hat-yai","2020-02",27.21,1.08,74.15,96,2020,02
"hat-yai","2020-03",28.94,0.49,70.06,97,2020,03
"hat-yai","2020-04",28.94,3.74,74.93,91,2020,04
"hat-yai","2020-05",28.29,8.21,81.36,84,2020,05
"hat-yai","2020-06",27.48,7.85,82.99,84,2020,06
"hat-yai","2020-07",27.25,8.34,83.60,83,2020,07
"hat-yai","2020-08",27.88,4.36,78.26,90,2020,08
"hat-yai","2020-09",27.15,8.78,82.87,84,2020,09
"hat-yai","2020-10",26.62,9.69,85.27,81,2020,10
"hat-yai","2020-11",26.14,11.11,87.10,80,2020,11
"hat-yai","2020-12",25.55,10.95,82.92,85,2020,12
"hat-yai","2021-01",25.23,2.85,79.98,90,2021,01
"hat-yai","2021-02",26.58,0.08,72.36,99,2021,02
"hat-yai","2021-03",27.82,2.30,73.52,95,2021,03
"hat-yai","2021-04",27.75,7.55,81.74,85,2021,04
"hat-yai","2021-05",27.66,7.02,81.12,85,2021,05
"hat-yai","2021-06",27.82,3.80,78.38,90,2021,06
"hat-yai","2021-07",28.23,5.66,76.78,89,2021,07
"hat-yai","2021-08",27.76,6.49,79.52,87,2021,08
"hat-yai","2021-09",27.30,6.21,80.77,86,2021,09
"hat-yai","2021-10",27.23,8.84,81.10,85,2021,10
"hat-yai","2021-11",25.60,24.58,87.87,77,2021,11
"hat-yai","2021-12",25.60,4.28,80.78,89,2021,12
"hat-yai","2022-01",26.15,0.77,74.93,96,2022,01
"hat-yai","2022-02",26.74,7.79,78.29,88,2022,02
"hat-yai","2022-03",26.95,5.06,79.68,88,2022,03
"hat-yai","2022-04",27.30,6.58,81.94,86,2022,04
"hat-yai","2022-05",27.72,8.18,80.29,86,2022,05
"hat-yai","2022-06",27.08,7.43,84.56,83,2022,06
"hat-yai","2022-07",27.34,6.45,81.57,85,2022,07
"hat-yai","2022-08",27.20,7.81,81.78,85,2022,08
"hat-yai","2022-09",27.25,7.06,81.36,86,2022,09
"hat-yai","2022-10",26.22,13.29,85.80,79,2022,10
"hat-yai","2022-11",26.05,12.73,85.87,79,2022,11
"hat-yai","2022-12",25.02,14.71,83.21,83,2022,12
"hat-yai","2023-01",25.30,4.20,83.46,86,2023,01
"hat-yai","2023-02",26.13,1.39,75.51,95,2023,02
"hat-yai","2023-03",27.21,1.67,73.38,96,2023,03
"hat-yai","2023-04",29.17,4.64,74.96,88,2023,04
"hat-yai","2023-05",29.09,3.70,76.97,90,2023,05
"hat-yai","2023-06",29.12,5.41,77.02,89,2023,06
"hat-yai","2023-07",28.72,4.96,77.05,88,2023,07
"hat-yai","2023-08",28.43,4.56,79.02,89,2023,08
"hat-yai","2023-09",27.61,8.70,80.81,84,2023,09
"hat-yai","2023-10",27.40,12.29,84.86,80,2023,10
"hat-yai","2023-11",26.19,13.08,86.41,80,2023,11
"hat-yai","2023-12",26.35,6.61,81.79,86,2023,12
"hat-yai","2024-01",26.56,1.69,75.66,94,2024,01
"hat-yai","2024-02",28.01,0.42,71.24,97,2024,02
"hat-yai","2024-03",29.14,1.19,71.21,97,2024,03
"hat-yai","2024-04",30.30,2.14,71.48,85,2024,04
"hat-yai","2024-05",29.43,8.33,78.61,82,2024,05
"hat-yai","2024-06",28.96,5.13,75.51,88,2024,06
"hat-yai","2024-07",28.50,5.70,75.99,89,2024,07
"hat-yai","2024-08",27.68,10.43,82.80,82,2024,08
"hat-yai","2024-09",27.35,12.00,84.18,80,2024,09
"hat-yai","2024-10",27.09,12.72,83.21,81,2024,10
"hat-yai","2024-11",26.18,17.07,85.46,78,2024,11
"hat-yai","2024-12",26.09,7.27,81.12,87,2024,12
"hat-yai","2025-01",26.03,2.78,78.38,92,2025,01
"hat-yai","2025-02",27.28,0.85,72.77,96,2025,02
"hat-yai","2025-03",28.56,2.18,74.19,93,2025,03
"hat-yai","2025-04",27.82,8.36,80.70,85,2025,04
"hat-yai","2025-05",27.89,9.15,81.92,83,2025,05
"hat-yai","2025-06",28.66,3.78,76.79,88,2025,06
"hat-yai","2025-07",30.06,1.14,69.74,92,2025,07
"hat-yai","2025-08",28.88,4.84,77.39,86,2025,08
"hat-yai","2025-09",28.29,5.07,76.98,88,2025,09
"hat-yai","2025-10",27.13,9.70,83.81,82,2025,10
"hat-yai","2025-11",26.20,22.05,82.95,82,2025,11
"pattani","2020-01",27.29,0.51,72.61,96,2020,01
"pattani","2020-02",27.48,1.02,73.44,96,2020,02
"pattani","2020-03",28.42,0.67,71.37,98,2020,03
"pattani","2020-04",29.26,4.57,74.34,88,2020,04
"pattani","2020-05",29.08,6.43,77.07,87,2020,05
"pattani","2020-06",28.03,7.66,80.81,85,2020,06
"pattani","2020-07",27.69,7.65,82.62,83,2020,07
"pattani","2020-08",28.25,5.64,79.50,88,2020,08
"pattani","2020-09",27.69,6.08,80.03,87,2020,09
"pattani","2020-10",27.26,6.32,82.53,85,2020,10
"pattani","2020-11",26.64,9.75,85.15,81,2020,11
"pattani","2020-12",26.16,10.38,81.48,86,2020,12
"pattani","2021-01",25.87,2.68,79.22,91,2021,01
"pattani","2021-02",26.84,0.08,71.96,99,2021,02
"pattani","2021-03",27.83,1.25,73.46,95,2021,03
"pattani","2021-04",28.31,4.16,78.66,88,2021,04
"pattani","2021-05",28.32,4.50,78.77,88,2021,05
"pattani","2021-06",28.67,3.58,77.67,91,2021,06
"pattani","2021-07",28.57,4.43,75.57,90,2021,07
"pattani","2021-08",28.19,5.05,79.86,87,2021,08
"pattani","2021-09",27.85,4.68,78.28,90,2021,09
"pattani","2021-10",27.55,6.69,80.49,86,2021,10
"pattani","2021-11",26.13,17.21,86.32,78,2021,11
"pattani","2021-12",26.17,5.39,79.62,89,2021,12
"pattani","2022-01",26.72,0.72,74.05,96,2022,01
"pattani","2022-02",27.31,8.54,76.74,91,2022,02
"pattani","2022-03",27.34,4.15,77.57,90,2022,03
"pattani","2022-04",27.79,5.09,78.03,89,2022,04
"pattani","2022-05",28.35,8.30,80.54,85,2022,05
"pattani","2022-06",27.69,7.24,81.57,85,2022,06
"pattani","2022-07",27.93,6.02,79.75,87,2022,07
"pattani","2022-08",27.74,6.31,79.96,87,2022,08
"pattani","2022-09",27.75,5.69,82.10,85,2022,09
"pattani","2022-10",26.64,10.09,84.57,82,2022,10
"pattani","2022-11",26.68,11.47,84.37,82,2022,11
"pattani","2022-12",25.69,16.87,82.38,84,2022,12
"pattani","2023-01",25.91,5.69,81.33,89,2023,01
"pattani","2023-02",26.65,1.21,74.66,94,2023,02
"pattani","2023-03",27.30,0.90,72.87,97,2023,03
"pattani","2023-04",29.40,2.04,73.44,93,2023,04
"pattani","2023-05",29.37,4.88,77.21,87,2023,05
"pattani","2023-06",28.84,6.13,78.64,87,2023,06
"pattani","2023-07",29.17,5.24,75.32,88,2023,07
"pattani","2023-08",29.04,5.41,78.83,89,2023,08
"pattani","2023-09",27.94,9.30,81.65,83,2023,09
"pattani","2023-10",27.52,8.41,83.24,84,2023,10
"pattani","2023-11",26.43,18.51,85.98,79,2023,11
"pattani","2023-12",26.92,7.97,80.59,86,2023,12
"pattani","2024-01",27.05,3.87,76.10,92,2024,01
"pattani","2024-02",28.28,0.82,72.04,96,2024,02
"pattani","2024-03",29.20,0.93,70.92,97,2024,03
"pattani","2024-04",30.13,1.42,70.85,89,2024,04
"pattani","2024-05",29.96,7.03,75.74,82,2024,05
"pattani","2024-06",29.65,4.93,74.13,86,2024,06
"pattani","2024-07",28.82,3.93,75.81,90,2024,07
"pattani","2024-08",28.03,6.48,81.01,85,2024,08
"pattani","2024-09",28.34,4.83,78.77,87,2024,09
"pattani","2024-10",27.83,6.18,79.43,89,2024,10
"pattani","2024-11",26.66,17.80,84.69,79,2024,11
"pattani","2024-12",26.35,9.34,80.28,87,2024,12
"pattani","2025-01",26.27,4.58,78.27,91,2025,01
"pattani","2025-02",26.82,1.65,74.62,95,2025,02
"pattani","2025-03",28.24,1.23,72.98,96,2025,03
"pattani","2025-04",28.75,5.06,77.19,89,2025,04
"pattani","2025-05",28.86,6.56,79.51,86,2025,05
"pattani","2025-06",29.56,2.08,72.89,91,2025,06
"pattani","2025-07",30.05,3.68,73.50,86,2025,07
"pattani","2025-08",28.16,6.43,78.52,87,2025,08
"pattani","2025-09",28.10,7.20,78.39,87,2025,09
"pattani","2025-10",27.36,13.06,82.66,82,2025,10
"pattani","2025-11",26.56,32.24,83.91,81,2025,11
"yala","2020-01",26.54,0.80,74.58,95,2020,01
"yala","2020-02",26.68,2.66,76.78,92,2020,02
"yala","2020-03",28.73,0.86,71.46,97,2020,03
"yala","2020-04",29.01,4.55,74.96,88,2020,04
"yala","2020-05",28.60,7.23,79.41,85,2020,05
"yala","2020-06",27.54,11.81,83.52,81,2020,06
"yala","2020-07",27.11,9.42,82.24,84,2020,07
"yala","2020-08",27.72,6.92,79.41,88,2020,08
"yala","2020-09",27.14,8.71,81.98,84,2020,09
"yala","2020-10",26.74,6.47,82.40,85,2020,10
"yala","2020-11",25.85,13.50,87.35,79,2020,11
"yala","2020-12",25.28,9.76,84.38,84,2020,12
"yala","2021-01",24.88,3.49,80.93,90,2021,01
"yala","2021-02",26.38,0.16,72.90,99,2021,02
"yala","2021-03",27.55,3.23,74.77,93,2021,03
"yala","2021-04",27.86,6.75,82.09,85,2021,04
"yala","2021-05",27.73,7.35,80.49,85,2021,05
"yala","2021-06",28.06,6.01,80.31,87,2021,06
"yala","2021-07",28.05,5.06,76.33,91,2021,07
"yala","2021-08",27.83,7.78,80.91,85,2021,08
"yala","2021-09",27.37,5.32,78.96,89,2021,09
"yala","2021-10",27.12,8.12,81.40,85,2021,10
"yala","2021-11",25.53,17.83,87.77,76,2021,11
"yala","2021-12",25.18,6.81,82.48,85,2021,12
"yala","2022-01",25.86,0.63,75.08,96,2022,01
"yala","2022-02",26.35,11.11,79.47,87,2022,02
"yala","2022-03",26.75,5.54,80.23,87,2022,03
"yala","2022-04",27.34,6.25,82.10,85,2022,04
"yala","2022-05",27.82,6.24,81.27,86,2022,05
"yala","2022-06",27.60,8.03,82.47,84,2022,06
"yala","2022-07",27.78,6.54,80.44,86,2022,07
"yala","2022-08",27.55,6.34,79.46,87,2022,08
"yala","2022-09",27.63,5.14,80.06,87,2022,09
"yala","2022-10",26.36,12.35,86.00,80,2022,10
"yala","2022-11",26.14,11.87,86.12,79,2022,11
"yala","2022-12",24.58,18.23,84.69,81,2022,12
"yala","2023-01",24.84,7.97,83.92,84,2023,01
"yala","2023-02",25.65,2.16,77.74,93,2023,02
"yala","2023-03",26.79,1.78,74.70,95,2023,03
"yala","2023-04",29.36,3.78,75.18,88,2023,04
"yala","2023-05",29.43,5.53,77.21,84,2023,05
"yala","2023-06",28.92,6.08,78.79,86,2023,06
"yala","2023-07",28.92,4.75,75.89,89,2023,07
"yala","2023-08",28.85,5.72,79.06,86,2023,08
"yala","2023-09",27.70,9.64,81.51,83,2023,09
"yala","2023-10",27.01,10.44,84.70,80,2023,10
"yala","2023-11",25.74,20.53,86.96,77,2023,11
"yala","2023-12",25.93,10.19,82.77,84,2023,12
"yala","2024-01",25.88,4.47,79.02,90,2024,01
"yala","2024-02",27.64,1.22,73.33,95,2024,02
"yala","2024-03",29.06,1.86,72.08,94,2024,03
"yala","2024-04",30.37,4.04,73.73,82,2024,04
"yala","2024-05",29.56,6.17,77.61,83,2024,05
"yala","2024-06",29.40,5.25,75.52,87,2024,06
"yala","2024-07",29.09,3.11,74.01,89,2024,07
"yala","2024-08",27.53,9.65,82.62,83,2024,08
"yala","2024-09",27.66,5.64,79.40,87,2024,09
"yala","2024-10",27.32,10.79,82.10,84,2024,10
"yala","2024-11",26.17,18.11,85.76,78,2024,11
"yala","2024-12",25.61,11.28,83.79,82,2024,12
"yala","2025-01",25.38,6.39,80.39,88,2025,01
"yala","2025-02",25.99,1.69,76.34,94,2025,02
"yala","2025-03",27.61,3.29,76.40,92,2025,03
"yala","2025-04",27.90,7.99,78.87,87,2025,04
"yala","2025-05",28.33,8.95,81.03,84,2025,05
"yala","2025-06",28.86,4.30,75.94,90,2025,06
"yala","2025-07",29.69,3.32,72.23,88,2025,07
"yala","2025-08",27.82,6.60,80.86,85,2025,08
"yala","2025-09",27.86,4.96,77.58,90,2025,09
"yala","2025-10",27.18,10.75,83.55,82,2025,10
"yala","2025-11",26.08,24.36,83.53,81,2025,11
"narathiwat","2020-01",26.51,1.86,77.64,93,2020,01
"narathiwat","2020-02",26.57,3.11,78.48,92,2020,02
"narathiwat","2020-03",27.46,1.23,74.50,95,2020,03
"narathiwat","2020-04",28.25,7.36,77.08,88,2020,04
"narathiwat","2020-05",28.44,4.66,78.47,88,2020,05
"narathiwat","2020-06",27.73,10.48,82.24,83,2020,06
"narathiwat","2020-07",27.50,8.20,80.77,86,2020,07
"narathiwat","2020-08",28.00,6.07,80.61,86,2020,08
"narathiwat","2020-09",27.62,7.55,80.53,86,2020,09
"narathiwat","2020-10",27.42,7.07,80.85,86,2020,10
"narathiwat","2020-11",26.60,10.56,85.66,81,2020,11
"narathiwat","2020-12",26.02,13.65,83.79,82,2020,12
"narathiwat","2021-01",25.66,4.94,81.50,88,2021,01
"narathiwat","2021-02",26.04,0.59,74.70,96,2021,02
"narathiwat","2021-03",27.09,2.88,76.51,92,2021,03
"narathiwat","2021-04",27.75,6.97,81.13,86,2021,04
"narathiwat","2021-05",27.95,5.46,80.62,87,2021,05
"narathiwat","2021-06",28.07,7.86,81.81,84,2021,06
"narathiwat","2021-07",27.91,5.16,79.09,88,2021,07
"narathiwat","2021-08",27.56,6.70,81.31,85,2021,08
"narathiwat","2021-09",27.40,6.82,80.22,86,2021,09
"narathiwat","2021-10",27.29,5.94,80.74,87,2021,10
"narathiwat","2021-11",26.08,17.74,86.34,77,2021,11
"narathiwat","2021-12",26.00,11.15,81.94,84,2021,12
"narathiwat","2022-01",26.02,1.79,76.82,93,2022,01
"narathiwat","2022-02",26.20,15.00,82.83,84,2022,02
"narathiwat","2022-03",26.99,4.10,78.38,90,2022,03
"narathiwat","2022-04",27.49,4.87,78.88,89,2022,04
"narathiwat","2022-05",28.20,8.43,79.82,86,2022,05
"narathiwat","2022-06",27.44,9.23,83.23,83,2022,06
"narathiwat","2022-07",27.65,7.15,80.75,86,2022,07
"narathiwat","2022-08",27.44,10.49,83.21,81,2022,08
"narathiwat","2022-09",27.53,9.27,82.85,83,2022,09
"narathiwat","2022-10",26.79,10.83,84.22,81,2022,10
"narathiwat","2022-11",26.58,13.08,84.83,81,2022,11
"narathiwat","2022-12",25.55,21.97,85.00,80,2022,12
"narathiwat","2023-01",25.60,9.15,84.56,83,2023,01
"narathiwat","2023-02",25.99,3.09,78.67,91,2023,02
"narathiwat","2023-03",26.43,1.99,75.90,94,2023,03
"narathiwat","2023-04",28.27,3.05,74.61,93,2023,04
"narathiwat","2023-05",28.64,6.68,79.16,86,2023,05
"narathiwat","2023-06",28.03,8.53,80.79,85,2023,06
"narathiwat","2023-07",28.26,7.44,77.67,87,2023,07
"narathiwat","2023-08",27.91,8.36,82.99,83,2023,08
"narathiwat","2023-09",27.41,8.58,82.61,84,2023,09
"narathiwat","2023-10",26.94,12.75,85.56,79,2023,10
"narathiwat","2023-11",26.26,21.60,86.26,77,2023,11
"narathiwat","2023-12",26.47,14.81,83.78,80,2023,12
"narathiwat","2024-01",26.29,7.42,82.72,85,2024,01
"narathiwat","2024-02",27.15,1.80,76.41,93,2024,02
"narathiwat","2024-03",28.17,3.05,75.29,93,2024,03
"narathiwat","2024-04",29.27,2.03,73.99,94,2024,04
"narathiwat","2024-05",29.45,7.06,78.04,85,2024,05
"narathiwat","2024-06",28.93,6.46,76.64,88,2024,06
"narathiwat","2024-07",28.23,4.81,77.68,90,2024,07
"narathiwat","2024-08",27.67,8.35,81.40,84,2024,08
"narathiwat","2024-09",28.21,5.39,78.68,86,2024,09
"narathiwat","2024-10",27.64,6.99,81.55,85,2024,10
"narathiwat","2024-11",26.62,24.18,85.19,76,2024,11
"narathiwat","2024-12",26.15,15.93,83.08,82,2024,12
"narathiwat","2025-01",26.00,8.16,80.73,87,2025,01
"narathiwat","2025-02",26.35,4.47,77.29,92,2025,02
"narathiwat","2025-03",27.19,3.00,77.91,90,2025,03
"narathiwat","2025-04",27.70,7.31,79.82,86,2025,04
"narathiwat","2025-05",28.42,8.61,81.36,84,2025,05
"narathiwat","2025-06",28.24,7.52,79.65,86,2025,06
"narathiwat","2025-07",28.56,3.52,74.20,93,2025,07
"narathiwat","2025-08",28.14,7.30,80.70,85,2025,08
"narathiwat","2025-09",28.02,7.42,77.97,87,2025,09
"narathiwat","2025-10",27.55,9.13,82.72,82,2025,10
"narathiwat","2025-11",26.78,25.41,83.76,81,2025,11